name,neb_sku,cas_number,category,source_url
"Cas9 Nuclease, S. pyogenes",M0386,,CRISPR/Cas Nuclease,https://www.neb.com/en-us/products/m0386-cas9-nuclease-s-pyogenes
EnGen Spy Cas9 NLS,M0646,,CRISPR/Cas Nuclease,https://www.neb.com/en-us/products/m0646-engen-spy-cas9-nls
EnGen Spy Cas9 Nickase,M0650,,CRISPR/Cas Nuclease,https://www.neb.com/en-us/products/m0650-engen-spy-cas9-nickase
Engen Spy Dcas9 Snap Tag,M0652,,CRISPR/Cas Nuclease,https://www.neb.com/en-us/products/m0652-engen-spy-dcas9-snap-tag
EnGen Lba Cas12a (Cpf1),M0653,,CRISPR/Cas Nuclease,https://www.neb.com/en-us/products/m0653-engen-lba-cas12a-cpf1
EnGen Sau Cas9,M0654,,CRISPR/Cas Nuclease,https://www.neb.com/en-us/products/m0654-engen-sau-cas9
EnGen Spy Cas9-HF1,M0667,,CRISPR/Cas Nuclease,https://www.neb.com/en-us/products/m0667-engen-spy-cas9-hf1
EnGen Seq1 Cas9,M0668,,CRISPR/Cas Nuclease,https://www.neb.com/en-us/products/m0668-engen-seq1-cas9
EnGen SpRY Cas9,M0669,,CRISPR/Cas Nuclease,https://www.neb.com/en-us/products/m0669-engen-spry-cas9
T4 DNA Polymerase,M0203,,DNA Polymerase,https://www.neb.com/en-us/products/m0203-t4-dna-polymerase
DNA Polymerase I (E. coli),M0209,,DNA Polymerase,https://www.neb.com/en-us/products/m0209-dna-polymerase-i-e-coli
"DNA Polymerase I, Large (Klenow) Fragment",M0210,,DNA Polymerase,https://www.neb.com/en-us/products/m0210-dna-polymerase-i-large-klenow-fragment
Klenow Fragment (3'->5' exo-),M0212,,DNA Polymerase,https://www.neb.com/en-us/products/m0212-klenow-fragment-35-exo
Taq DNA Polymerase with ThermoPol Buffer,M0267,9012-90-2,DNA Polymerase,https://www.neb.com/en-us/products/m0267-taq-dna-polymerase-with-thermopol-buffer
phi29 DNA Polymerase,M0269,9012-90-2,DNA Polymerase,https://www.neb.com/en-us/products/m0269-phi29-dna-polymerase
Taq DNA Polymerase with Standard Taq Buffer,M0273,9012-90-2,DNA Polymerase,https://www.neb.com/en-us/products/m0273-taq-dna-polymerase-with-standard-taq-buffer
T7 DNA Polymerase (unmodified),M0274,,DNA Polymerase,https://www.neb.com/en-us/products/m0274-t7-dna-polymerase-unmodified
"Bst DNA Polymerase, Large Fragment",M0275,,DNA Polymerase,https://www.neb.com/en-us/products/m0275-bst-dna-polymerase-large-fragment
Taq DNA Polymerase With Standard Taq Mg Free Buffer,M0320,,DNA Polymerase,https://www.neb.com/en-us/products/m0320-taq-dna-polymerase-with-standard-taq-mg-free-buffer
LongAmp Taq DNA Polymerase,M0323,9012-90-2,DNA Polymerase,https://www.neb.com/en-us/products/m0323-longamp-taq-dna-polymerase
Sulfolobus DNA Polymerase IV,M0327,,DNA Polymerase,https://www.neb.com/en-us/products/m0327-sulfolobus-dna-polymerase-iv
Bst DNA Polymerase Full Length,M0328,,DNA Polymerase,https://www.neb.com/en-us/products/m0328-bst-dna-polymerase-full-length
"Bsu DNA Polymerase, Large Fragment",M0330,,DNA Polymerase,https://www.neb.com/en-us/products/m0330-bsu-dna-polymerase-large-fragment
Hemo KlenTaq,M0332,9012-90-2,DNA Polymerase,https://www.neb.com/en-us/products/m0332-hemo-klentaq
Bst 3.0 DNA Polymerase,M0374,,DNA Polymerase,https://www.neb.com/en-us/products/m0374-bst-3-0-dna-polymerase
Bst 2.0 WarmStart DNA Polymerase (Glycerol-free),M0402,,DNA Polymerase,https://www.neb.com/en-us/products/m0402-bst-2-0-warmstart-dna-polymerase-glycerol-free
OneTaq DNA Polymerase,M0480,9012-90-2,DNA Polymerase,https://www.neb.com/en-us/products/m0480-onetaq-dna-polymerase
OneTaq Hot Start DNA Polymerase,M0481,9012-90-2,DNA Polymerase,https://www.neb.com/en-us/products/m0481-onetaq-hot-start-dna-polymerase
Epimark Hot Start Taq DNA Polymerase,M0490,9012-90-2,DNA Polymerase,https://www.neb.com/en-us/products/m0490-epimark-hot-start-taq-dna-polymerase
Q5 High-Fidelity DNA Polymerase,M0491,,DNA Polymerase,https://www.neb.com/en-us/products/m0491-q5-high-fidelity-dna-polymerase
Q5 Hot Start High-Fidelity DNA Polymerase,M0493,,DNA Polymerase,https://www.neb.com/en-us/products/m0493-q5-hot-start-high-fidelity-dna-polymerase
Hot Start Taq DNA Polymerase,M0495,9012-90-2,DNA Polymerase,https://www.neb.com/en-us/products/m0495-hot-start-taq-dna-polymerase
Onetaq Quickload DNA Polymerase,M0509,,DNA Polymerase,https://www.neb.com/en-us/products/m0509-onetaq-quickload-dna-polymerase
Q5U Hot Start High-Fidelity DNA Polymerase,M0515,,DNA Polymerase,https://www.neb.com/en-us/products/m0515-q5u-hot-start-high-fidelity-dna-polymerase
Phusion High-Fidelity DNA Polymerase,M0530,,DNA Polymerase,https://www.neb.com/en-us/products/m0530-phusion-high-fidelity-dna-polymerase
LongAmp Hot Start Taq DNA Polymerase,M0534,,DNA Polymerase,https://www.neb.com/en-us/products/m0534-longamp-hot-start-taq-dna-polymerase
Phusion Hot Start Flex DNA Polymerase,M0535,,DNA Polymerase,https://www.neb.com/en-us/products/m0535-phusion-hot-start-flex-dna-polymerase
"Bst DNA Polymerase, Full Length",M0537,,DNA Polymerase,https://www.neb.com/en-us/products/m0537-bst-dna-polymerase-full-length
Bst 2.0 WarmStart DNA Polymerase,M0538,,DNA Polymerase,https://www.neb.com/en-us/products/m0538-bst-2-0-warmstart-dna-polymerase
Bst-XT WarmStart DNA Polymerase,M9204,,DNA Polymerase,https://www.neb.com/en-us/products/m9204-bst-xt-warmstart-dna-polymerase
Bst-XT WarmStart DNA Polymerase (Glycerol-free),M9205,,DNA Polymerase,https://www.neb.com/en-us/products/m9205-bst-xt-warmstart-dna-polymerase-glycerol-free
Apobec3a,M0648,,DNA/RNA Base-modifying Enzyme,https://www.neb.com/en-us/products/m0648-apobec3a
Thymine DNA Glycosylase,M0766,,DNA/RNA Base-modifying Enzyme,https://www.neb.com/en-us/products/m0766-thymine-dna-glycosylase
TET2,M1524,,DNA/RNA Base-modifying Enzyme,https://www.neb.com/en-us/products/m1524-tet2
Ecori Methyltransferase,M0211,,DNA/RNA Methyltransferase,https://www.neb.com/en-us/products/m0211-ecori-methyltransferase
Hpaii Methyltransferase,M0214,,DNA/RNA Methyltransferase,https://www.neb.com/en-us/products/m0214-hpaii-methyltransferase
Mspi Methyltransferase,M0215,,DNA/RNA Methyltransferase,https://www.neb.com/en-us/products/m0215-mspi-methyltransferase
Hhal Methyltransferase,M0217,,DNA/RNA Methyltransferase,https://www.neb.com/en-us/products/m0217-hhal-methyltransferase
Taqi Methyltransferase,M0219,,DNA/RNA Methyltransferase,https://www.neb.com/en-us/products/m0219-taqi-methyltransferase
Alui Methyltransferase,M0220,,DNA/RNA Methyltransferase,https://www.neb.com/en-us/products/m0220-alui-methyltransferase
Dam Methyltransferase,M0222,,DNA/RNA Methyltransferase,https://www.neb.com/en-us/products/m0222-dam-methyltransferase
Bamhi Methyltransferase,M0223,,DNA/RNA Methyltransferase,https://www.neb.com/en-us/products/m0223-bamhi-methyltransferase
Haelll Methyltransferase,M0224,,DNA/RNA Methyltransferase,https://www.neb.com/en-us/products/m0224-haelll-methyltransferase
CpG Methyltransferase (M.SssI),M0226,,DNA/RNA Methyltransferase,https://www.neb.com/en-us/products/m0226-cpg-methyltransferase-m-sssi
Gpc Methyltransferase Mcv Ipi,M0227,,DNA/RNA Methyltransferase,https://www.neb.com/en-us/products/m0227-gpc-methyltransferase-mcv-ipi
Human DNA Cytosine 5 Methyltransferase Dnmt1,M0230,,DNA/RNA Methyltransferase,https://www.neb.com/en-us/products/m0230-human-dna-cytosine-5-methyltransferase-dnmt1
mRNA Cap 2'-O-Methyltransferase,M0366,,DNA/RNA Methyltransferase,https://www.neb.com/en-us/products/m0366-mrna-cap-2-o-methyltransferase
Ecogii Methyltransferase,M0603,,DNA/RNA Methyltransferase,https://www.neb.com/en-us/products/m0603-ecogii-methyltransferase
Fto RNA Demethylase,M0616,,DNA/RNA Methyltransferase,https://www.neb.com/en-us/products/m0616-fto-rna-demethylase
Uracil Glycosylase Inhibitor Ugi,M0281,,Enzyme Inhibitor,https://www.neb.com/en-us/products/m0281-uracil-glycosylase-inhibitor-ugi
Nebexpress Gams Nuclease Inhibitor,P0774,,Enzyme Inhibitor,https://www.neb.com/en-us/products/p0774-nebexpress-gams-nuclease-inhibitor
Histone H2b Human Recombinant,M2505,,Glycoprotein Substrate / Protein Standard / Reagent,https://www.neb.com/en-us/products/m2505-histone-h2b-human-recombinant
Histone H32 Human Recombinant,M2506,,Glycoprotein Substrate / Protein Standard / Reagent,https://www.neb.com/en-us/products/m2506-histone-h32-human-recombinant
Histone H2a H2b Dimer Human Recombinant,M2508,,Glycoprotein Substrate / Protein Standard / Reagent,https://www.neb.com/en-us/products/m2508-histone-h2a-h2b-dimer-human-recombinant
Histone H31h4 Tetramer Human Recombinant,M2509,,Glycoprotein Substrate / Protein Standard / Reagent,https://www.neb.com/en-us/products/m2509-histone-h31h4-tetramer-human-recombinant
Adenosine 5 Triphosphate ATP,P0756,,Glycoprotein Substrate / Protein Standard / Reagent,https://www.neb.com/en-us/products/p0756-adenosine-5-triphosphate-atp
P Nitrophenyl Phosphate Pnpp,P0757,,Glycoprotein Substrate / Protein Standard / Reagent,https://www.neb.com/en-us/products/p0757-p-nitrophenyl-phosphate-pnpp
Sodium Orthovanadate Activated Vanadate,P0758,,Glycoprotein Substrate / Protein Standard / Reagent,https://www.neb.com/en-us/products/p0758-sodium-orthovanadate-activated-vanadate
E Coli Ribosome,P0763,,Glycoprotein Substrate / Protein Standard / Reagent,https://www.neb.com/en-us/products/p0763-e-coli-ribosome
Unstained Protein Standard Broad Range 10 200 Kda,P7717,,Glycoprotein Substrate / Protein Standard / Reagent,https://www.neb.com/en-us/products/p7717-unstained-protein-standard-broad-range-10-200-kda
Blue Prestained Protein Standard Broad Range 11 250 Kda,P7718,,Glycoprotein Substrate / Protein Standard / Reagent,https://www.neb.com/en-us/products/p7718-blue-prestained-protein-standard-broad-range-11-250-kda
Color Prestained Protein Standard Broad Range 10 250 Kda,P7719,,Glycoprotein Substrate / Protein Standard / Reagent,https://www.neb.com/en-us/products/p7719-color-prestained-protein-standard-broad-range-10-250-kda
Nebexpress E Coli Lysis Reagent,P8116,,Glycoprotein Substrate / Protein Standard / Reagent,https://www.neb.com/en-us/products/p8116-nebexpress-e-coli-lysis-reagent
Anti Snap Tag Antibody Polyclonal,P9310,,Glycoprotein Substrate / Protein Standard / Reagent,https://www.neb.com/en-us/products/p9310-anti-snap-tag-antibody-polyclonal
Snap Tag Purified Protein,P9312,,Glycoprotein Substrate / Protein Standard / Reagent,https://www.neb.com/en-us/products/p9312-snap-tag-purified-protein
Endoglycosidase H,P0702,,Glycosidase / Glycobiology Enzyme,https://www.neb.com/en-us/products/p0702-endoglycosidase-h
Endoglycosidase Hf,P0703,,Glycosidase / Glycobiology Enzyme,https://www.neb.com/en-us/products/p0703-endoglycosidase-hf
PNGase F,P0704,,Glycosidase / Glycobiology Enzyme,https://www.neb.com/en-us/products/p0704-pngase-f
PNGASE F Glycerol Free,P0705,,Glycosidase / Glycobiology Enzyme,https://www.neb.com/en-us/products/p0705-pngase-f-glycerol-free
Remove It PNGASE F,P0706,,Glycosidase / Glycobiology Enzyme,https://www.neb.com/en-us/products/p0706-remove-it-pngase-f
PNGASE A,P0707,,Glycosidase / Glycobiology Enzyme,https://www.neb.com/en-us/products/p0707-pngase-a
PNGase F (Recombinant),P0708,,Glycosidase / Glycobiology Enzyme,https://www.neb.com/en-us/products/p0708-pngase-f-recombinant
PNGASE F Glycerol Free Recombinant,P0709,,Glycosidase / Glycobiology Enzyme,https://www.neb.com/en-us/products/p0709-pngase-f-glycerol-free-recombinant
Rapid PNGASE F,P0710,,Glycosidase / Glycobiology Enzyme,https://www.neb.com/en-us/products/p0710-rapid-pngase-f
Rapid PNGASE F Non Reducing Format,P0711,,Glycosidase / Glycobiology Enzyme,https://www.neb.com/en-us/products/p0711-rapid-pngase-f-non-reducing-format
A2 3 6 8 Neuraminidase,P0720,,Glycosidase / Glycobiology Enzyme,https://www.neb.com/en-us/products/p0720-a2-3-6-8-neuraminidase
N Acetylhexosaminidase F,P0721,,Glycosidase / Glycobiology Enzyme,https://www.neb.com/en-us/products/p0721-n-acetylhexosaminidase-f
A2 3 6 8 9 Neuraminidase A,P0722,,Glycosidase / Glycobiology Enzyme,https://www.neb.com/en-us/products/p0722-a2-3-6-8-9-neuraminidase-a
1 2 Fucosidase,P0724,,Glycosidase / Glycobiology Enzyme,https://www.neb.com/en-us/products/p0724-1-2-fucosidase
1 3 Galactosidase,P0726,,Glycosidase / Glycobiology Enzyme,https://www.neb.com/en-us/products/p0726-1-3-galactosidase
1 6 Mannosidase,P0727,,Glycosidase / Glycobiology Enzyme,https://www.neb.com/en-us/products/p0727-1-6-mannosidase
1 2 3 Mannosidase,P0729,,Glycosidase / Glycobiology Enzyme,https://www.neb.com/en-us/products/p0729-1-2-3-mannosidase
1 3 6 Galactosidase,P0731,,Glycosidase / Glycobiology Enzyme,https://www.neb.com/en-us/products/p0731-1-3-6-galactosidase
O-Glycosidase,P0733,,Glycosidase / Glycobiology Enzyme,https://www.neb.com/en-us/products/p0733-o-glycosidase
N Acetylgalactosaminidase,P0734,,Glycosidase / Glycobiology Enzyme,https://www.neb.com/en-us/products/p0734-n-acetylgalactosaminidase
Bacteroides Heparinase I,P0735,,Glycosidase / Glycobiology Enzyme,https://www.neb.com/en-us/products/p0735-bacteroides-heparinase-i
Bacteroides Heparinase II,P0736,,Glycosidase / Glycobiology Enzyme,https://www.neb.com/en-us/products/p0736-bacteroides-heparinase-ii
Bacteroides Heparinase III,P0737,,Glycosidase / Glycobiology Enzyme,https://www.neb.com/en-us/products/p0737-bacteroides-heparinase-iii
Endoglycosidase D,P0742,,Glycosidase / Glycobiology Enzyme,https://www.neb.com/en-us/products/p0742-endoglycosidase-d
A2 3 Neuraminidase S,P0743,,Glycosidase / Glycobiology Enzyme,https://www.neb.com/en-us/products/p0743-a2-3-neuraminidase-s
B N Acetylglucosaminidase S,P0744,,Glycosidase / Glycobiology Enzyme,https://www.neb.com/en-us/products/p0744-b-n-acetylglucosaminidase-s
B1 4 Galactosidase S,P0745,,Glycosidase / Glycobiology Enzyme,https://www.neb.com/en-us/products/p0745-b1-4-galactosidase-s
1 3 4 Galactosidase,P0746,,Glycosidase / Glycobiology Enzyme,https://www.neb.com/en-us/products/p0746-1-3-4-galactosidase
A1 3 4 6 Galactosidase,P0747,,Glycosidase / Glycobiology Enzyme,https://www.neb.com/en-us/products/p0747-a1-3-4-6-galactosidase
A1 2 4 6 Fucosidase,P0748,,Glycosidase / Glycobiology Enzyme,https://www.neb.com/en-us/products/p0748-a1-2-4-6-fucosidase
A1 2 4 6 Fucosidase O,P0749,,Glycosidase / Glycobiology Enzyme,https://www.neb.com/en-us/products/p0749-a1-2-4-6-fucosidase-o
A 1 2 3 6 Mannosidase,P0768,,Glycosidase / Glycobiology Enzyme,https://www.neb.com/en-us/products/p0768-a-1-2-3-6-mannosidase
A1 3 4 Fucosidase,P0769,,Glycosidase / Glycobiology Enzyme,https://www.neb.com/en-us/products/p0769-a1-3-4-fucosidase
Endo F3,P0771,,Glycosidase / Glycobiology Enzyme,https://www.neb.com/en-us/products/p0771-endo-f3
Endo F2,P0772,,Glycosidase / Glycobiology Enzyme,https://www.neb.com/en-us/products/p0772-endo-f2
Endoglycoceramidase I EGCase I,P0773,,Glycosidase / Glycobiology Enzyme,https://www.neb.com/en-us/products/p0773-endoglycoceramidase-i-egcase-i
Endo B Galactosidase,P0777,,Glycosidase / Glycobiology Enzyme,https://www.neb.com/en-us/products/p0777-endo-b-galactosidase
Boletopsis Grisea Lectin Bgl,P0867,,Glycosidase / Glycobiology Enzyme,https://www.neb.com/en-us/products/p0867-boletopsis-grisea-lectin-bgl
N Glycopeptide Binding Protein,P0872,,Glycosidase / Glycobiology Enzyme,https://www.neb.com/en-us/products/p0872-n-glycopeptide-binding-protein
Rapid PNGASE F Antibody Standard,P6043,,Glycosidase / Glycobiology Enzyme,https://www.neb.com/en-us/products/p6043-rapid-pngase-f-antibody-standard
Protein Deglycosylation Mix II,P6044,,Glycosidase / Glycobiology Enzyme,https://www.neb.com/en-us/products/p6044-protein-deglycosylation-mix-ii
I-SceI,R0694,,Homing Endonuclease,https://www.neb.com/en-us/products/r0694-i-scei
PI-PspI,R0695,,Homing Endonuclease,https://www.neb.com/en-us/products/r0695-pi-pspi
PI-SceI,R0696,,Homing Endonuclease,https://www.neb.com/en-us/products/r0696-pi-scei
I-CeuI,R0699,,Homing Endonuclease,https://www.neb.com/en-us/products/r0699-i-ceui
T4 Polynucleotide Kinase,M0201,37211-65-7,Kinase,https://www.neb.com/en-us/products/m0201-t4-polynucleotide-kinase
T4 Polynucleotide Kinase (3' phosphatase minus),M0236,37211-65-7,Kinase,https://www.neb.com/en-us/products/m0236-t4-polynucleotide-kinase-3-phosphatase-minus
5 Hydroxymethyluridine DNA Kinase,M0659,,Kinase,https://www.neb.com/en-us/products/m0659-5-hydroxymethyluridine-dna-kinase
Camp Dependent Protein Kinase Pka Catalytic Subunit,P6000,,Kinase,https://www.neb.com/en-us/products/p6000-camp-dependent-protein-kinase-pka-catalytic-subunit
Casein Kinase II Ck2,P6010,,Kinase,https://www.neb.com/en-us/products/p6010-casein-kinase-ii-ck2
T4 DNA Ligase,M0202,9015-85-4,Ligase,https://www.neb.com/en-us/products/m0202-t4-dna-ligase
T4 RNA Ligase 1 (ssRNA Ligase),M0204,,Ligase,https://www.neb.com/en-us/products/m0204-t4-rna-ligase-1-ssrna-ligase
E. coli DNA Ligase,M0205,9015-85-4,Ligase,https://www.neb.com/en-us/products/m0205-e-coli-dna-ligase
Taq DNA Ligase,M0208,,Ligase,https://www.neb.com/en-us/products/m0208-taq-dna-ligase
9°N DNA Ligase,M0238,,Ligase,https://www.neb.com/en-us/products/m0238-9-n-dna-ligase
T4 RNA Ligase 2 (dsRNA Ligase),M0239,,Ligase,https://www.neb.com/en-us/products/m0239-t4-rna-ligase-2-dsrna-ligase
"T4 RNA Ligase 2, Truncated",M0242,,Ligase,https://www.neb.com/en-us/products/m0242-t4-rna-ligase-2-truncated
T3 DNA Ligase,M0317,,Ligase,https://www.neb.com/en-us/products/m0317-t3-dna-ligase
T7 DNA Ligase,M0318,,Ligase,https://www.neb.com/en-us/products/m0318-t7-dna-ligase
Thermostable 5 App DNA RNA Ligase,M0319,,Ligase,https://www.neb.com/en-us/products/m0319-thermostable-5-app-dna-rna-ligase
T4 RNA Ligase 2 Truncated K227q,M0351,,Ligase,https://www.neb.com/en-us/products/m0351-t4-rna-ligase-2-truncated-k227q
Blunt/TA Ligase Master Mix,M0367,,Ligase,https://www.neb.com/en-us/products/m0367-blunt-ta-ligase-master-mix
Electroligase,M0369,,Ligase,https://www.neb.com/en-us/products/m0369-electroligase
Instant Sticky End Ligase Master Mix,M0370,,Ligase,https://www.neb.com/en-us/products/m0370-instant-sticky-end-ligase-master-mix
"T4 RNA Ligase 2, Truncated KQ",M0373,,Ligase,https://www.neb.com/en-us/products/m0373-t4-rna-ligase-2-truncated-kq
SplintR Ligase,M0375,,Ligase,https://www.neb.com/en-us/products/m0375-splintr-ligase
"T4 RNA Ligase 1 (ssRNA Ligase), High Concentration",M0437,,Ligase,https://www.neb.com/en-us/products/m0437-t4-rna-ligase-1-ssrna-ligase-high-concentration
RtcB Ligase,M0458,,Ligase,https://www.neb.com/en-us/products/m0458-rtcb-ligase
Salt T4 DNA Ligase,M0467,,Ligase,https://www.neb.com/en-us/products/m0467-salt-t4-dna-ligase
Immobilized T4 DNA Ligase,M0569,9015-85-4,Ligase,https://www.neb.com/en-us/products/m0569-immobilized-t4-dna-ligase
HiFi Taq DNA Ligase,M0647,,Ligase,https://www.neb.com/en-us/products/m0647-hifi-taq-dna-ligase
Nebridge Ligase Master Mix,M1100,,Ligase,https://www.neb.com/en-us/products/m1100-nebridge-ligase-master-mix
Hi-T4 DNA Ligase,M2622,,Ligase,https://www.neb.com/en-us/products/m2622-hi-t4-dna-ligase
Nt.BsmAI,R0121,,Nicking Endonuclease,https://www.neb.com/en-us/products/r0121-ntbsmai
Nt.BstNBI,R0607,,Nicking Endonuclease,https://www.neb.com/en-us/products/r0607-ntbstnbi
Nt.CviPII,R0626,,Nicking Endonuclease,https://www.neb.com/en-us/products/r0626-ntcvipii
Nt.AlwI,R0627,,Nicking Endonuclease,https://www.neb.com/en-us/products/r0627-ntalwi
Nb.BbvCI,R0631,,Nicking Endonuclease,https://www.neb.com/en-us/products/r0631-nbbbvci
Nt.BbvCI,R0632,,Nicking Endonuclease,https://www.neb.com/en-us/products/r0632-ntbbvci
Nt.BspQI,R0644,,Nicking Endonuclease,https://www.neb.com/en-us/products/r0644-ntbspqi
Nb.BsrDI,R0648,,Nicking Endonuclease,https://www.neb.com/en-us/products/r0648-nbbsrdi
Nb.BssSI,R0681,,Nicking Endonuclease,https://www.neb.com/en-us/products/r0681-nbbsssi
Nb.BsmI,R0706,,Nicking Endonuclease,https://www.neb.com/en-us/products/r0706-nbbsmi
Nb.BtsI,R0707,,Nicking Endonuclease,https://www.neb.com/en-us/products/r0707-nbbtsi
WarmStart Nt.BstNBI,R0725,,Nicking Endonuclease,https://www.neb.com/en-us/products/r0725-warmstart-ntbstnbi
Exonuclease III E Coli,M0206,,Nuclease / DNA-modifying Enzyme,https://www.neb.com/en-us/products/m0206-exonuclease-iii-e-coli
Nuclease Bal 31,M0213,,Nuclease / DNA-modifying Enzyme,https://www.neb.com/en-us/products/m0213-nuclease-bal-31
Fpg,M0240,,Nuclease / DNA-modifying Enzyme,https://www.neb.com/en-us/products/m0240-fpg
Micrococcal Nuclease,M0247,9013-53-0,Nuclease / DNA-modifying Enzyme,https://www.neb.com/en-us/products/m0247-micrococcal-nuclease
Reca,M0249,,Nuclease / DNA-modifying Enzyme,https://www.neb.com/en-us/products/m0249-reca
Mung Bean Nuclease,M0250,9068-58-0,Nuclease / DNA-modifying Enzyme,https://www.neb.com/en-us/products/m0250-mung-bean-nuclease
Exonuclease T,M0265,,Nuclease / DNA-modifying Enzyme,https://www.neb.com/en-us/products/m0265-exonuclease-t
Endonuclease III Nth,M0268,,Nuclease / DNA-modifying Enzyme,https://www.neb.com/en-us/products/m0268-endonuclease-iii-nth
Afu Uracil DNA Glycosylase UDG,M0279,,Nuclease / DNA-modifying Enzyme,https://www.neb.com/en-us/products/m0279-afu-uracil-dna-glycosylase-udg
Uracil DNA Glycosylase UDG,M0280,,Nuclease / DNA-modifying Enzyme,https://www.neb.com/en-us/products/m0280-uracil-dna-glycosylase-udg
Ape 1,M0282,,Nuclease / DNA-modifying Enzyme,https://www.neb.com/en-us/products/m0282-ape-1
Tma Endonuclease III,M0291,,Nuclease / DNA-modifying Enzyme,https://www.neb.com/en-us/products/m0291-tma-endonuclease-iii
Exonuclease I E Coli,M0293,,Nuclease / DNA-modifying Enzyme,https://www.neb.com/en-us/products/m0293-exonuclease-i-e-coli
Tth Endonuclease IV,M0294,,Nuclease / DNA-modifying Enzyme,https://www.neb.com/en-us/products/m0294-tth-endonuclease-iv
Endonuclease VIII,M0299,,Nuclease / DNA-modifying Enzyme,https://www.neb.com/en-us/products/m0299-endonuclease-viii
T4 Gene 32 Protein,M0300,,Nuclease / DNA-modifying Enzyme,https://www.neb.com/en-us/products/m0300-t4-gene-32-protein
Topoisomerase I E Coli,M0301,,Nuclease / DNA-modifying Enzyme,https://www.neb.com/en-us/products/m0301-topoisomerase-i-e-coli
T7 Endonuclease I,M0302,,Nuclease / DNA-modifying Enzyme,https://www.neb.com/en-us/products/m0302-t7-endonuclease-i
DNase I (RNase-free),M0303,9003-98-9,Nuclease / DNA-modifying Enzyme,https://www.neb.com/en-us/products/m0303-dnase-i-rnase-free
Endonuclease IV,M0304,,Nuclease / DNA-modifying Enzyme,https://www.neb.com/en-us/products/m0304-endonuclease-iv
Endonuclease V,M0305,,Nuclease / DNA-modifying Enzyme,https://www.neb.com/en-us/products/m0305-endonuclease-v
T4 PDG (T4 Endonuclease V),M0308,,Nuclease / DNA-modifying Enzyme,https://www.neb.com/en-us/products/m0308-t4-pdg-t4-endonuclease-v
Precr Repair Mix,M0309,,Nuclease / DNA-modifying Enzyme,https://www.neb.com/en-us/products/m0309-precr-repair-mix
Haag,M0313,,Nuclease / DNA-modifying Enzyme,https://www.neb.com/en-us/products/m0313-haag
Hsmug1,M0336,,Nuclease / DNA-modifying Enzyme,https://www.neb.com/en-us/products/m0336-hsmug1
Exonuclease III (E. coli),M0345,,Nuclease / DNA-modifying Enzyme,https://www.neb.com/en-us/products/m0345-exonuclease-iii-e-coli
Nebnext Dsdna Fragmentase,M0348,,Nuclease / DNA-modifying Enzyme,https://www.neb.com/en-us/products/m0348-nebnext-dsdna-fragmentase
Recaf,M0355,,Nuclease / DNA-modifying Enzyme,https://www.neb.com/en-us/products/m0355-recaf
T4 Phage Glucosyltransferase T4 Bgt,M0357,,Nuclease / DNA-modifying Enzyme,https://www.neb.com/en-us/products/m0357-t4-phage-glucosyltransferase-t4-bgt
Antarctic Thermolabile UDG,M0372,,Nuclease / DNA-modifying Enzyme,https://www.neb.com/en-us/products/m0372-antarctic-thermolabile-udg
Exonuclease VII,M0379,,Nuclease / DNA-modifying Enzyme,https://www.neb.com/en-us/products/m0379-exonuclease-vii
Msz Exonuclease I,M0527,,Nuclease / DNA-modifying Enzyme,https://www.neb.com/en-us/products/m0527-msz-exonuclease-i
Exonuclease VII Itruncated,M0545,,Nuclease / DNA-modifying Enzyme,https://www.neb.com/en-us/products/m0545-exonuclease-vii-itruncated
Thermolabile Exonuclease I,M0568,,Nuclease / DNA-modifying Enzyme,https://www.neb.com/en-us/products/m0568-thermolabile-exonuclease-i
DNase I Xt,M0570,,Nuclease / DNA-modifying Enzyme,https://www.neb.com/en-us/products/m0570-dnase-i-xt
Thermostable Fen1,M0645,,Nuclease / DNA-modifying Enzyme,https://www.neb.com/en-us/products/m0645-thermostable-fen1
Nucleoside Digestion Mix,M0649,,Nuclease / DNA-modifying Enzyme,https://www.neb.com/en-us/products/m0649-nucleoside-digestion-mix
Nuclease P1,M0660,,Nuclease / DNA-modifying Enzyme,https://www.neb.com/en-us/products/m0660-nuclease-p1
T5 Exonuclease,M0663,,Nuclease / DNA-modifying Enzyme,https://www.neb.com/en-us/products/m0663-t5-exonuclease
Mismatch Endonuclease I,M0678,,Nuclease / DNA-modifying Enzyme,https://www.neb.com/en-us/products/m0678-mismatch-endonuclease-i
Authenticase,M0689,,Nuclease / DNA-modifying Enzyme,https://www.neb.com/en-us/products/m0689-authenticase
Thermostable Endonuclease Q,M0701,,Nuclease / DNA-modifying Enzyme,https://www.neb.com/en-us/products/m0701-thermostable-endonuclease-q
Nebexpress Salt Active Nuclease,M0764,,Nuclease / DNA-modifying Enzyme,https://www.neb.com/en-us/products/m0764-nebexpress-salt-active-nuclease
Tte Uvrd Helicase,M1202,,Nuclease / DNA-modifying Enzyme,https://www.neb.com/en-us/products/m1202-tte-uvrd-helicase
Warmstart Afu Uracil DNA Glycosylase UDG,M1282,,Nuclease / DNA-modifying Enzyme,https://www.neb.com/en-us/products/m1282-warmstart-afu-uracil-dna-glycosylase-udg
USER Enzyme,M5505,,Nuclease / DNA-modifying Enzyme,https://www.neb.com/en-us/products/m5505-user-enzyme
Thermolabile USER II Enzyme,M5508,,Nuclease / DNA-modifying Enzyme,https://www.neb.com/en-us/products/m5508-thermolabile-user-ii-enzyme
Thermostable USER III Enzyme,M5509,,Nuclease / DNA-modifying Enzyme,https://www.neb.com/en-us/products/m5509-thermostable-user-iii-enzyme
Nebnext FFPE DNA Repair Mix,M6630,,Nuclease / DNA-modifying Enzyme,https://www.neb.com/en-us/products/m6630-nebnext-ffpe-dna-repair-mix
DNA Gyrase E Coli,M7636,,Nuclease / DNA-modifying Enzyme,https://www.neb.com/en-us/products/m7636-dna-gyrase-e-coli
Mcrbc,M0272,,Other Enzyme/Reagent,https://www.neb.com/en-us/products/m0272-mcrbc
Thermostable Ogg,M0464,,Other Enzyme/Reagent,https://www.neb.com/en-us/products/m0464-thermostable-ogg
Duplex DNase,M7635,,Other Enzyme/Reagent,https://www.neb.com/en-us/products/m7635-duplex-dnase
E. coli Poly(A) Polymerase,M0276,,Other Modifying Enzyme,https://www.neb.com/en-us/products/m0276-e-coli-poly-a-polymerase
Terminal Transferase,M0315,,Other Modifying Enzyme,https://www.neb.com/en-us/products/m0315-terminal-transferase
5 Deadenylase,M0331,,Other Modifying Enzyme,https://www.neb.com/en-us/products/m0331-5-deadenylase
Poly U Polymerase,M0337,,Other Modifying Enzyme,https://www.neb.com/en-us/products/m0337-poly-u-polymerase
Agarase I,M0392,,Other Modifying Enzyme,https://www.neb.com/en-us/products/m0392-agarase-i
Apyrase,M0398,,Other Modifying Enzyme,https://www.neb.com/en-us/products/m0398-apyrase
Ydcps,M0463,,Other Modifying Enzyme,https://www.neb.com/en-us/products/m0463-ydcps
Ttago,M0665,,Other Modifying Enzyme,https://www.neb.com/en-us/products/m0665-ttago
Taq 2x Master Mix,M0270,9012-90-2,PCR/qPCR Master Mix,https://www.neb.com/en-us/products/m0270-taq-2x-master-mix
Quick Load Taq 2x Master Mix,M0271,,PCR/qPCR Master Mix,https://www.neb.com/en-us/products/m0271-quick-load-taq-2x-master-mix
Multiplex PCR 5x Master Mix,M0284,,PCR/qPCR Master Mix,https://www.neb.com/en-us/products/m0284-multiplex-pcr-5x-master-mix
Taq 5x Master Mix,M0285,9012-90-2,PCR/qPCR Master Mix,https://www.neb.com/en-us/products/m0285-taq-5x-master-mix
Longamp Taq 2x Master Mix,M0287,9012-90-2,PCR/qPCR Master Mix,https://www.neb.com/en-us/products/m0287-longamp-taq-2x-master-mix
Onetaq 2x Master Mix With Standard Buffer,M0482,9012-90-2,PCR/qPCR Master Mix,https://www.neb.com/en-us/products/m0482-onetaq-2x-master-mix-with-standard-buffer
Onetaq Hot Start 2x Master Mix With Standard Buffer,M0484,,PCR/qPCR Master Mix,https://www.neb.com/en-us/products/m0484-onetaq-hot-start-2x-master-mix-with-standard-buffer
Onetaq Hot Start 2x Master Mix With Gc Buffer,M0485,,PCR/qPCR Master Mix,https://www.neb.com/en-us/products/m0485-onetaq-hot-start-2x-master-mix-with-gc-buffer
Onetaq Quick Load 2x Master Mix With Standard Buffer,M0486,9012-90-2,PCR/qPCR Master Mix,https://www.neb.com/en-us/products/m0486-onetaq-quick-load-2x-master-mix-with-standard-buffer
Onetaq Hot Start Quick Load 2x Master Mix With Standard Buffer,M0488,9012-90-2,PCR/qPCR Master Mix,https://www.neb.com/en-us/products/m0488-onetaq-hot-start-quick-load-2x-master-mix-with-standard-buffer
Onetaq Hot Start Quick Load 2x Master Mix With Gc Buffer,M0489,,PCR/qPCR Master Mix,https://www.neb.com/en-us/products/m0489-onetaq-hot-start-quick-load-2x-master-mix-with-gc-buffer
Q5 Hot Start High-Fidelity 2X Master Mix,M0492,,PCR/qPCR Master Mix,https://www.neb.com/en-us/products/m0492-q5-hot-start-high-fidelity-2x-master-mix
Q5 High-Fidelity 2X Master Mix,M0494,,PCR/qPCR Master Mix,https://www.neb.com/en-us/products/m0494-q5-high-fidelity-2x-master-mix
Hot Start Taq 2x Master Mix,M0496,9012-90-2,PCR/qPCR Master Mix,https://www.neb.com/en-us/products/m0496-hot-start-taq-2x-master-mix
Q5 Blood Direct 2x Master Mix,M0500,,PCR/qPCR Master Mix,https://www.neb.com/en-us/products/m0500-q5-blood-direct-2x-master-mix
Phusion High-Fidelity DNA Polymerase (HF Buffer),M0531,,PCR/qPCR Master Mix,https://www.neb.com/en-us/products/m0531-phusion-high-fidelity-dna-polymerase-hf-buffer
Phusion High-Fidelity PCR Master Mix with GC Buffer,M0532,,PCR/qPCR Master Mix,https://www.neb.com/en-us/products/m0532-phusion-high-fidelity-pcr-master-mix-with-gc-buffer
LongAmp Hot Start Taq 2X Master Mix,M0533,9012-90-2,PCR/qPCR Master Mix,https://www.neb.com/en-us/products/m0533-longamp-hot-start-taq-2x-master-mix
Phusion Hot Start Flex 2X Master Mix,M0536,,PCR/qPCR Master Mix,https://www.neb.com/en-us/products/m0536-phusion-hot-start-flex-2x-master-mix
Nebnext High Fidelity 2x PCR Master Mix,M0541,,PCR/qPCR Master Mix,https://www.neb.com/en-us/products/m0541-nebnext-high-fidelity-2x-pcr-master-mix
Nebnext Q5 Hot Start Hifi PCR Master Mix,M0543,,PCR/qPCR Master Mix,https://www.neb.com/en-us/products/m0543-nebnext-q5-hot-start-hifi-pcr-master-mix
Nebnext Ultra II Q5 Master Mix,M0544,,PCR/qPCR Master Mix,https://www.neb.com/en-us/products/m0544-nebnext-ultra-ii-q5-master-mix
Kld Enzyme Mix,M0554,,PCR/qPCR Master Mix,https://www.neb.com/en-us/products/m0554-kld-enzyme-mix
Q5 Quick Load High Fidelity 2x Master Mix,M0578,,PCR/qPCR Master Mix,https://www.neb.com/en-us/products/m0578-q5-quick-load-high-fidelity-2x-master-mix
Q5 Quick Load Hot Start High Fidelity 2x Master Mix,M0580,,PCR/qPCR Master Mix,https://www.neb.com/en-us/products/m0580-q5-quick-load-hot-start-high-fidelity-2x-master-mix
Nebnext Q5u Master Mix,M0597,,PCR/qPCR Master Mix,https://www.neb.com/en-us/products/m0597-nebnext-q5u-master-mix
Warmstart Multi Purpose Lamp RT Lamp 2x Master Mix With UDG,M1708,,PCR/qPCR Master Mix,https://www.neb.com/en-us/products/m1708-warmstart-multi-purpose-lamp-rt-lamp-2x-master-mix-with-udg
Bst Xt Warmstart Multi Purpose Lamp RT Lamp 2x Master Mix,M1712,,PCR/qPCR Master Mix,https://www.neb.com/en-us/products/m1712-bst-xt-warmstart-multi-purpose-lamp-rt-lamp-2x-master-mix
Luna Universal qPCR Master Mix,M3003,,PCR/qPCR Master Mix,https://www.neb.com/en-us/products/m3003-luna-universal-qpcr-master-mix
Luna Universal Probe qPCR Master Mix,M3004,,PCR/qPCR Master Mix,https://www.neb.com/en-us/products/m3004-luna-universal-probe-qpcr-master-mix
Lunascript RT Supermix,M3010,,PCR/qPCR Master Mix,https://www.neb.com/en-us/products/m3010-lunascript-rt-supermix
Luna Probe One Step RT qPCR 4x Mix With UDG,M3019,,PCR/qPCR Master Mix,https://www.neb.com/en-us/products/m3019-luna-probe-one-step-rt-qpcr-4x-mix-with-udg
Luna Probe One Step RT qPCR 4x Mix With UDG No ROX,M3029,,PCR/qPCR Master Mix,https://www.neb.com/en-us/products/m3029-luna-probe-one-step-rt-qpcr-4x-mix-with-udg-no-rox
Seamless DNA Assembly Master Mix,M5522,,PCR/qPCR Master Mix,https://www.neb.com/en-us/products/m5522-seamless-dna-assembly-master-mix
Antarctic Phosphatase,M0289,,Phosphatase,https://www.neb.com/en-us/products/m0289-antarctic-phosphatase
Thermostable Inorganic Pyrophosphatase,M0296,,Phosphatase,https://www.neb.com/en-us/products/m0296-thermostable-inorganic-pyrophosphatase
Inorganic Pyrophosphatase (E. coli),M0361,,Phosphatase,https://www.neb.com/en-us/products/m0361-inorganic-pyrophosphatase-e-coli
Shrimp Alkaline Phosphatase (rSAP),M0371,,Phosphatase,https://www.neb.com/en-us/products/m0371-shrimp-alkaline-phosphatase-rsap
Quick CIP,M0525,,Phosphatase,https://www.neb.com/en-us/products/m0525-quick-cip
NudC Pyrophosphatase,M0607,,Phosphatase,https://www.neb.com/en-us/products/m0607-nudc-pyrophosphatase
Lambda Protein Phosphatase Lambda Pp,P0753,,Phosphatase,https://www.neb.com/en-us/products/p0753-lambda-protein-phosphatase-lambda-pp
O Glycoprotease,P0761,,Protease,https://www.neb.com/en-us/products/p0761-o-glycoprotease
Idez Protease Igg Specific,P0770,,Protease,https://www.neb.com/en-us/products/p0770-idez-protease-igg-specific
Factor Xa Protease,P8010,,Protease,https://www.neb.com/en-us/products/p8010-factor-xa-protease
Enterokinase Light Chain,P8070,,Protease,https://www.neb.com/en-us/products/p8070-enterokinase-light-chain
Furin,P8077,,Protease,https://www.neb.com/en-us/products/p8077-furin
Endoproteinase GLUC,P8100,,Protease,https://www.neb.com/en-us/products/p8100-endoproteinase-gluc
Modified Trypsin Tpck Treated,P8101,,Protease,https://www.neb.com/en-us/products/p8101-modified-trypsin-tpck-treated
Endoproteinase ASPN,P8104,,Protease,https://www.neb.com/en-us/products/p8104-endoproteinase-aspn
"Proteinase K, Molecular Biology Grade",P8107,39450-01-6,Protease,https://www.neb.com/en-us/products/p8107-proteinase-k-molecular-biology-grade
Trypsin Digested BSA MS Standard Cam Modified,P8108,,Protease,https://www.neb.com/en-us/products/p8108-trypsin-digested-bsa-ms-standard-cam-modified
Endoproteinase LYSC,P8109,,Protease,https://www.neb.com/en-us/products/p8109-endoproteinase-lysc
Thermolabile Proteinase K,P8111,39450-01-6,Protease,https://www.neb.com/en-us/products/p8111-thermolabile-proteinase-k
TEV Protease,P8112,,Protease,https://www.neb.com/en-us/products/p8112-tev-protease
A Lytic Protease,P8113,,Protease,https://www.neb.com/en-us/products/p8113-a-lytic-protease
Cold-Active TEV Protease,P8118,,Protease,https://www.neb.com/en-us/products/p8118-cold-active-tev-protease
Recombinant Trypsin-ultra (Mass Spec Grade),P8119,,Protease,https://www.neb.com/en-us/products/p8119-recombinant-trypsin-ultra-mass-spec-grade
Sp6 RNA Polymerase,M0207,9014-24-8,RNA Polymerase,https://www.neb.com/en-us/products/m0207-sp6-rna-polymerase
T7 RNA Polymerase,M0251,9014-24-8,RNA Polymerase,https://www.neb.com/en-us/products/m0251-t7-rna-polymerase
T3 RNA Polymerase,M0378,9014-24-8,RNA Polymerase,https://www.neb.com/en-us/products/m0378-t3-rna-polymerase
T7 RNA Polymerase High Concentration,M0460,9014-24-8,RNA Polymerase,https://www.neb.com/en-us/products/m0460-t7-rna-polymerase-high-concentration
Hi T7 RNA Polymerase High Concentration,M0470,,RNA Polymerase,https://www.neb.com/en-us/products/m0470-hi-t7-rna-polymerase-high-concentration
E Coli RNA Polymerase Core Enzyme,M0550,,RNA Polymerase,https://www.neb.com/en-us/products/m0550-e-coli-rna-polymerase-core-enzyme
E Coli RNA Polymerase Holoenzyme,M0551,9014-24-8,RNA Polymerase,https://www.neb.com/en-us/products/m0551-e-coli-rna-polymerase-holoenzyme
Hi T7 RNA Polymerase,M0658,,RNA Polymerase,https://www.neb.com/en-us/products/m0658-hi-t7-rna-polymerase
RNase R,M0100,,RNase / RNA-modifying Enzyme,https://www.neb.com/en-us/products/m0100-rnase-r
RNase If,M0243,,RNase / RNA-modifying Enzyme,https://www.neb.com/en-us/products/m0243-rnase-if
ShortCut RNase III,M0245,,RNase / RNA-modifying Enzyme,https://www.neb.com/en-us/products/m0245-shortcut-rnase-iii
RNase HII,M0288,,RNase / RNA-modifying Enzyme,https://www.neb.com/en-us/products/m0288-rnase-hii
RNase H,M0297,,RNase / RNA-modifying Enzyme,https://www.neb.com/en-us/products/m0297-rnase-h
RNase Inhibitor Human Placenta,M0307,,RNase / RNA-modifying Enzyme,https://www.neb.com/en-us/products/m0307-rnase-inhibitor-human-placenta
"RNase Inhibitor, Murine",M0314,,RNase / RNA-modifying Enzyme,https://www.neb.com/en-us/products/m0314-rnase-inhibitor-murine
Xrn 1,M0338,,RNase / RNA-modifying Enzyme,https://www.neb.com/en-us/products/m0338-xrn-1
RNA 5' Pyrophosphohydrolase (RppH),M0356,,RNase / RNA-modifying Enzyme,https://www.neb.com/en-us/products/m0356-rna-5-pyrophosphohydrolase-rpph
Thermostable RNase H,M0523,,RNase / RNA-modifying Enzyme,https://www.neb.com/en-us/products/m0523-thermostable-rnase-h
Sce Pus1,M0526,,RNase / RNA-modifying Enzyme,https://www.neb.com/en-us/products/m0526-sce-pus1
mRNA Decapping Enzyme,M0608,,RNase / RNA-modifying Enzyme,https://www.neb.com/en-us/products/m0608-mrna-decapping-enzyme
"RNase Inhibitor, Murine (Glycerol-free)",M0628,,RNase / RNA-modifying Enzyme,https://www.neb.com/en-us/products/m0628-rnase-inhibitor-murine-glycerol-free
RNase 4,M1284,,RNase / RNA-modifying Enzyme,https://www.neb.com/en-us/products/m1284-rnase-4
RNase 4 Digestion And 3 End Repair Mix,M1288,,RNase / RNA-modifying Enzyme,https://www.neb.com/en-us/products/m1288-rnase-4-digestion-and-3-end-repair-mix
Cre Recombinase,M0298,,Recombinase / Protelomerase,https://www.neb.com/en-us/products/m0298-cre-recombinase
Enclose Tela Protelomerase,M0621,,Recombinase / Protelomerase,https://www.neb.com/en-us/products/m0621-enclose-tela-protelomerase
Teln Protelomerase,M0651,,Recombinase / Protelomerase,https://www.neb.com/en-us/products/m0651-teln-protelomerase
Enclose Teln Protelomerase,M0768,,Recombinase / Protelomerase,https://www.neb.com/en-us/products/m0768-enclose-teln-protelomerase
EcoRI,R0101,,Restriction Enzyme (Type II),https://www.neb.com/en-us/products/r0101-ecori
BsrBI,R0102,,Restriction Enzyme (Type II),https://www.neb.com/en-us/products/r0102-bsrbi
HincII,R0103,,Restriction Enzyme (Type II),https://www.neb.com/en-us/products/r0103-hincii
HindIII,R0104,,Restriction Enzyme (Type II),https://www.neb.com/en-us/products/r0104-hindiii
HpaI,R0105,,Restriction Enzyme (Type II),https://www.neb.com/en-us/products/r0105-hpai
MspI,R0106,,Restriction Enzyme (Type II),https://www.neb.com/en-us/products/r0106-mspi
HaeII,R0107,,Restriction Enzyme (Type II),https://www.neb.com/en-us/products/r0107-haeii
HaeIII,R0108,,Restriction Enzyme (Type II),https://www.neb.com/en-us/products/r0108-haeiii
ScrFI,R0110,,Restriction Enzyme (Type II),https://www.neb.com/en-us/products/r0110-scrfi
NdeI,R0111,,Restriction Enzyme (Type II),https://www.neb.com/en-us/products/r0111-ndei
BstXI,R0113,,Restriction Enzyme (Type II),https://www.neb.com/en-us/products/r0113-bstxi
ApaI,R0114,,Restriction Enzyme (Type II),https://www.neb.com/en-us/products/r0114-apai
Eco53kI,R0116,,Restriction Enzyme (Type II),https://www.neb.com/en-us/products/r0116-eco53ki
AatII,R0117,,Restriction Enzyme (Type II),https://www.neb.com/en-us/products/r0117-aatii
BanI,R0118,,Restriction Enzyme (Type II),https://www.neb.com/en-us/products/r0118-bani
BanII,R0119,,Restriction Enzyme (Type II),https://www.neb.com/en-us/products/r0119-banii
Bsp1286I,R0120,,Restriction Enzyme (Type II),https://www.neb.com/en-us/products/r0120-bsp1286i
SfiI,R0123,,Restriction Enzyme (Type II),https://www.neb.com/en-us/products/r0123-sfii
HinP1I,R0124,,Restriction Enzyme (Type II),https://www.neb.com/en-us/products/r0124-hinp1i
NlaIII,R0125,,Restriction Enzyme (Type II),https://www.neb.com/en-us/products/r0125-nlaiii
NlaIV,R0126,,Restriction Enzyme (Type II),https://www.neb.com/en-us/products/r0126-nlaiv
NsiI,R0127,,Restriction Enzyme (Type II),https://www.neb.com/en-us/products/r0127-nsii
DraI,R0129,,Restriction Enzyme (Type II),https://www.neb.com/en-us/products/r0129-drai
SnaBI,R0130,,Restriction Enzyme (Type II),https://www.neb.com/en-us/products/r0130-snabi
FspI,R0135,,Restriction Enzyme (Type II),https://www.neb.com/en-us/products/r0135-fspi
BamHI,R0136,,Restriction Enzyme (Type II),https://www.neb.com/en-us/products/r0136-bamhi
AluI,R0137,,Restriction Enzyme (Type II),https://www.neb.com/en-us/products/r0137-alui
SalI,R0138,,Restriction Enzyme (Type II),https://www.neb.com/en-us/products/r0138-sali
HhaI,R0139,,Restriction Enzyme (Type II),https://www.neb.com/en-us/products/r0139-hhai
PstI,R0140,,Restriction Enzyme (Type II),https://www.neb.com/en-us/products/r0140-psti
SmaI,R0141,,Restriction Enzyme (Type II),https://www.neb.com/en-us/products/r0141-smai
KpnI,R0142,,Restriction Enzyme (Type II),https://www.neb.com/en-us/products/r0142-kpni
BglI,R0143,,Restriction Enzyme (Type II),https://www.neb.com/en-us/products/r0143-bgli
BglII,R0144,,Restriction Enzyme (Type II),https://www.neb.com/en-us/products/r0144-bglii
XbaI,R0145,,Restriction Enzyme (Type II),https://www.neb.com/en-us/products/r0145-xbai
XhoI,R0146,,Restriction Enzyme (Type II),https://www.neb.com/en-us/products/r0146-xhoi
MboI,R0147,,Restriction Enzyme (Type II),https://www.neb.com/en-us/products/r0147-mboi
TaqI-v2,R0149,,Restriction Enzyme (Type II),https://www.neb.com/en-us/products/r0149-taqi-v2
PvuII,R0151,,Restriction Enzyme (Type II),https://www.neb.com/en-us/products/r0151-pvuii
AvaI,R0152,,Restriction Enzyme (Type II),https://www.neb.com/en-us/products/r0152-avai
AvaII,R0153,,Restriction Enzyme (Type II),https://www.neb.com/en-us/products/r0153-avaii
HinfI,R0155,,Restriction Enzyme (Type II),https://www.neb.com/en-us/products/r0155-hinfi
SacII,R0157,,Restriction Enzyme (Type II),https://www.neb.com/en-us/products/r0157-sacii
BclI,R0160,,Restriction Enzyme (Type II),https://www.neb.com/en-us/products/r0160-bcli
AccI,R0161,,Restriction Enzyme (Type II),https://www.neb.com/en-us/products/r0161-acci
Sau96I,R0165,,Restriction Enzyme (Type II),https://www.neb.com/en-us/products/r0165-sau96i
RsaI,R0167,,Restriction Enzyme (Type II),https://www.neb.com/en-us/products/r0167-rsai
BstNI,R0168,,Restriction Enzyme (Type II),https://www.neb.com/en-us/products/r0168-bstni
Sau3AI,R0169,,Restriction Enzyme (Type II),https://www.neb.com/en-us/products/r0169-sau3ai
HpaII,R0171,,Restriction Enzyme (Type II),https://www.neb.com/en-us/products/r0171-hpaii
AvrII,R0174,,Restriction Enzyme (Type II),https://www.neb.com/en-us/products/r0174-avrii
DdeI,R0175,,Restriction Enzyme (Type II),https://www.neb.com/en-us/products/r0175-ddei
DpnI,R0176,,Restriction Enzyme (Type II),https://www.neb.com/en-us/products/r0176-dpni
PaeR7I,R0177,,Restriction Enzyme (Type II),https://www.neb.com/en-us/products/r0177-paer7i
Fnu4HI,R0178,,Restriction Enzyme (Type II),https://www.neb.com/en-us/products/r0178-fnu4hi
XmaI,R0180,,Restriction Enzyme (Type II),https://www.neb.com/en-us/products/r0180-xmai
SphI,R0182,,Restriction Enzyme (Type II),https://www.neb.com/en-us/products/r0182-sphi
Tth111I,R0185,,Restriction Enzyme (Type II),https://www.neb.com/en-us/products/r0185-tth111i
StuI,R0187,,Restriction Enzyme (Type II),https://www.neb.com/en-us/products/r0187-stui
NotI,R0189,,Restriction Enzyme (Type II),https://www.neb.com/en-us/products/r0189-noti
NaeI,R0190,,Restriction Enzyme (Type II),https://www.neb.com/en-us/products/r0190-naei
NarI,R0191,,Restriction Enzyme (Type II),https://www.neb.com/en-us/products/r0191-nari
NcoI,R0193,,Restriction Enzyme (Type II),https://www.neb.com/en-us/products/r0193-ncoi
XmnI,R0194,,Restriction Enzyme (Type II),https://www.neb.com/en-us/products/r0194-xmni
EcoRV,R0195,,Restriction Enzyme (Type II),https://www.neb.com/en-us/products/r0195-ecorv
NciI,R0196,,Restriction Enzyme (Type II),https://www.neb.com/en-us/products/r0196-ncii
ClaI,R0197,,Restriction Enzyme (Type II),https://www.neb.com/en-us/products/r0197-clai
BssHII,R0199,,Restriction Enzyme (Type II),https://www.neb.com/en-us/products/r0199-bsshii
RsrII,R0501,,Restriction Enzyme (Type II),https://www.neb.com/en-us/products/r0501-rsrii
EcoO109I,R0503,,Restriction Enzyme (Type II),https://www.neb.com/en-us/products/r0503-ecoo109i
PpuMI,R0506,,Restriction Enzyme (Type II),https://www.neb.com/en-us/products/r0506-ppumi
ApaLI,R0507,,Restriction Enzyme (Type II),https://www.neb.com/en-us/products/r0507-apali
EaeI,R0508,,Restriction Enzyme (Type II),https://www.neb.com/en-us/products/r0508-eaei
PflMI,R0509,,Restriction Enzyme (Type II),https://www.neb.com/en-us/products/r0509-pflmi
AlwNI,R0514,,Restriction Enzyme (Type II),https://www.neb.com/en-us/products/r0514-alwni
BspHI,R0517,,Restriction Enzyme (Type II),https://www.neb.com/en-us/products/r0517-bsphi
BstUI,R0518,,Restriction Enzyme (Type II),https://www.neb.com/en-us/products/r0518-bstui
BstBI,R0519,,Restriction Enzyme (Type II),https://www.neb.com/en-us/products/r0519-bstbi
AflII,R0520,,Restriction Enzyme (Type II),https://www.neb.com/en-us/products/r0520-aflii
EcoNI,R0521,,Restriction Enzyme (Type II),https://www.neb.com/en-us/products/r0521-econi
BstYI,R0523,,Restriction Enzyme (Type II),https://www.neb.com/en-us/products/r0523-bstyi
Bsu36I,R0524,,Restriction Enzyme (Type II),https://www.neb.com/en-us/products/r0524-bsu36i
MseI,R0525,,Restriction Enzyme (Type II),https://www.neb.com/en-us/products/r0525-msei
AseI,R0526,,Restriction Enzyme (Type II),https://www.neb.com/en-us/products/r0526-asei
DrdI,R0530,,Restriction Enzyme (Type II),https://www.neb.com/en-us/products/r0530-drdi
BsaAI,R0531,,Restriction Enzyme (Type II),https://www.neb.com/en-us/products/r0531-bsaai
PmlI,R0532,,Restriction Enzyme (Type II),https://www.neb.com/en-us/products/r0532-pmli
XcmI,R0533,,Restriction Enzyme (Type II),https://www.neb.com/en-us/products/r0533-xcmi
MscI,R0534,,Restriction Enzyme (Type II),https://www.neb.com/en-us/products/r0534-msci
BsaJI,R0536,,Restriction Enzyme (Type II),https://www.neb.com/en-us/products/r0536-bsaji
BsaBI,R0537,,Restriction Enzyme (Type II),https://www.neb.com/en-us/products/r0537-bsabi
MluCI,R0538,,Restriction Enzyme (Type II),https://www.neb.com/en-us/products/r0538-mluci
BspEI,R0540,,Restriction Enzyme (Type II),https://www.neb.com/en-us/products/r0540-bspei
AflIII,R0541,,Restriction Enzyme (Type II),https://www.neb.com/en-us/products/r0541-afliii
DpnII,R0543,,Restriction Enzyme (Type II),https://www.neb.com/en-us/products/r0543-dpnii
KasI,R0544,,Restriction Enzyme (Type II),https://www.neb.com/en-us/products/r0544-kasi
TfiI,R0546,,Restriction Enzyme (Type II),https://www.neb.com/en-us/products/r0546-tfii
PacI,R0547,,Restriction Enzyme (Type II),https://www.neb.com/en-us/products/r0547-paci
AciI,R0551,,Restriction Enzyme (Type II),https://www.neb.com/en-us/products/r0551-acii
AgeI,R0552,,Restriction Enzyme (Type II),https://www.neb.com/en-us/products/r0552-agei
BsiWI,R0553,,Restriction Enzyme (Type II),https://www.neb.com/en-us/products/r0553-bsiwi
BsiEI,R0554,,Restriction Enzyme (Type II),https://www.neb.com/en-us/products/r0554-bsiei
BslI,R0555,,Restriction Enzyme (Type II),https://www.neb.com/en-us/products/r0555-bsli
BsaHI,R0556,,Restriction Enzyme (Type II),https://www.neb.com/en-us/products/r0556-bsahi
BspDI,R0557,,Restriction Enzyme (Type II),https://www.neb.com/en-us/products/r0557-bspdi
AscI,R0558,,Restriction Enzyme (Type II),https://www.neb.com/en-us/products/r0558-asci
PmeI,R0560,,Restriction Enzyme (Type II),https://www.neb.com/en-us/products/r0560-pmei
SfcI,R0561,,Restriction Enzyme (Type II),https://www.neb.com/en-us/products/r0561-sfci
NgoMIV,R0564,,Restriction Enzyme (Type II),https://www.neb.com/en-us/products/r0564-ngomiv
BsaWI,R0567,,Restriction Enzyme (Type II),https://www.neb.com/en-us/products/r0567-bsawi
BfaI,R0568,,Restriction Enzyme (Type II),https://www.neb.com/en-us/products/r0568-bfai
BsiHKAI,R0570,,Restriction Enzyme (Type II),https://www.neb.com/en-us/products/r0570-bsihkai
MslI,R0571,,Restriction Enzyme (Type II),https://www.neb.com/en-us/products/r0571-msli
MwoI,R0573,,Restriction Enzyme (Type II),https://www.neb.com/en-us/products/r0573-mwoi
MspA1I,R0577,,Restriction Enzyme (Type II),https://www.neb.com/en-us/products/r0577-mspa1i
Cac8I,R0579,,Restriction Enzyme (Type II),https://www.neb.com/en-us/products/r0579-cac8i
TspRI,R0582,,Restriction Enzyme (Type II),https://www.neb.com/en-us/products/r0582-tspri
Tsp45I,R0583,,Restriction Enzyme (Type II),https://www.neb.com/en-us/products/r0583-tsp45i
AhdI,R0584,,Restriction Enzyme (Type II),https://www.neb.com/en-us/products/r0584-ahdi
BlpI,R0585,,Restriction Enzyme (Type II),https://www.neb.com/en-us/products/r0585-blpi
BsoBI,R0586,,Restriction Enzyme (Type II),https://www.neb.com/en-us/products/r0586-bsobi
FseI,R0588,,Restriction Enzyme (Type II),https://www.neb.com/en-us/products/r0588-fsei
MfeI,R0589,,Restriction Enzyme (Type II),https://www.neb.com/en-us/products/r0589-mfei
TseI,R0591,,Restriction Enzyme (Type II),https://www.neb.com/en-us/products/r0591-tsei
PshAI,R0593,,Restriction Enzyme (Type II),https://www.neb.com/en-us/products/r0593-pshai
PflFI,R0595,,Restriction Enzyme (Type II),https://www.neb.com/en-us/products/r0595-pflfi
SmlI,R0597,,Restriction Enzyme (Type II),https://www.neb.com/en-us/products/r0597-smli
AclI,R0598,,Restriction Enzyme (Type II),https://www.neb.com/en-us/products/r0598-acli
Acc65I,R0599,,Restriction Enzyme (Type II),https://www.neb.com/en-us/products/r0599-acc65i
BbvCI,R0601,,Restriction Enzyme (Type II),https://www.neb.com/en-us/products/r0601-bbvci
NspI,R0602,,Restriction Enzyme (Type II),https://www.neb.com/en-us/products/r0602-nspi
SgrAI,R0603,,Restriction Enzyme (Type II),https://www.neb.com/en-us/products/r0603-sgrai
SwaI,R0604,,Restriction Enzyme (Type II),https://www.neb.com/en-us/products/r0604-swai
SexAI,R0605,,Restriction Enzyme (Type II),https://www.neb.com/en-us/products/r0605-sexai
SfoI,R0606,,Restriction Enzyme (Type II),https://www.neb.com/en-us/products/r0606-sfoi
BtgI,R0608,,Restriction Enzyme (Type II),https://www.neb.com/en-us/products/r0608-btgi
PspGI,R0611,,Restriction Enzyme (Type II),https://www.neb.com/en-us/products/r0611-pspgi
Hpy99I,R0615,,Restriction Enzyme (Type II),https://www.neb.com/en-us/products/r0615-hpy99i
Hpy166II,R0616,,Restriction Enzyme (Type II),https://www.neb.com/en-us/products/r0616-hpy166ii
Hpy188I,R0617,,Restriction Enzyme (Type II),https://www.neb.com/en-us/products/r0617-hpy188i
HpyCH4III,R0618,,Restriction Enzyme (Type II),https://www.neb.com/en-us/products/r0618-hpych4iii
HpyCH4IV,R0619,,Restriction Enzyme (Type II),https://www.neb.com/en-us/products/r0619-hpych4iv
HpyCH4V,R0620,,Restriction Enzyme (Type II),https://www.neb.com/en-us/products/r0620-hpych4v
Hpy188III,R0622,,Restriction Enzyme (Type II),https://www.neb.com/en-us/products/r0622-hpy188iii
BmgBI,R0628,,Restriction Enzyme (Type II),https://www.neb.com/en-us/products/r0628-bmgbi
SrfI,R0629,,Restriction Enzyme (Type II),https://www.neb.com/en-us/products/r0629-srfi
AsiSI,R0630,,Restriction Enzyme (Type II),https://www.neb.com/en-us/products/r0630-asisi
BseYI,R0635,,Restriction Enzyme (Type II),https://www.neb.com/en-us/products/r0635-bseyi
StyD4I,R0638,,Restriction Enzyme (Type II),https://www.neb.com/en-us/products/r0638-styd4i
CviQI,R0639,,Restriction Enzyme (Type II),https://www.neb.com/en-us/products/r0639-cviqi
ApeKI,R0643,,Restriction Enzyme (Type II),https://www.neb.com/en-us/products/r0643-apeki
Bpu10I,R0649,,Restriction Enzyme (Type II),https://www.neb.com/en-us/products/r0649-bpu10i
FatI,R0650,,Restriction Enzyme (Type II),https://www.neb.com/en-us/products/r0650-fati
AfeI,R0652,,Restriction Enzyme (Type II),https://www.neb.com/en-us/products/r0652-afei
PspOMI,R0653,,Restriction Enzyme (Type II),https://www.neb.com/en-us/products/r0653-pspomi
BstAPI,R0654,,Restriction Enzyme (Type II),https://www.neb.com/en-us/products/r0654-bstapi
PciI,R0655,,Restriction Enzyme (Type II),https://www.neb.com/en-us/products/r0655-pcii
PspXI,R0656,,Restriction Enzyme (Type II),https://www.neb.com/en-us/products/r0656-pspxi
ZraI,R0659,,Restriction Enzyme (Type II),https://www.neb.com/en-us/products/r0659-zrai
MspJI,R0661,,Restriction Enzyme (Type II),https://www.neb.com/en-us/products/r0661-mspji
BssSI-v2,R0680,,Restriction Enzyme (Type II),https://www.neb.com/en-us/products/r0680-bsssi-v2
BsrFI-v2,R0682,,Restriction Enzyme (Type II),https://www.neb.com/en-us/products/r0682-bsrfi-v2
AleI-v2,R0685,,Restriction Enzyme (Type II),https://www.neb.com/en-us/products/r0685-alei-v2
BaeGI,R0708,,Restriction Enzyme (Type II),https://www.neb.com/en-us/products/r0708-baegi
TspMI,R0709,,Restriction Enzyme (Type II),https://www.neb.com/en-us/products/r0709-tspmi
CviKI-1,R0710,,Restriction Enzyme (Type II),https://www.neb.com/en-us/products/r0710-cviki-1
PluTI,R0713,,Restriction Enzyme (Type II),https://www.neb.com/en-us/products/r0713-pluti
PsiI-v2,R0744,,Restriction Enzyme (Type II),https://www.neb.com/en-us/products/r0744-psii-v2
EcoRI-HF,R3101,,Restriction Enzyme (Type II),https://www.neb.com/en-us/products/r3101-ecori-hf
HindIII-HF,R3104,,Restriction Enzyme (Type II),https://www.neb.com/en-us/products/r3104-hindiii-hf
ScaI-HF,R3122,,Restriction Enzyme (Type II),https://www.neb.com/en-us/products/r3122-scai-hf
NsiI-HF,R3127,,Restriction Enzyme (Type II),https://www.neb.com/en-us/products/r3127-nsii-hf
NheI-HF,R3131,,Restriction Enzyme (Type II),https://www.neb.com/en-us/products/r3131-nhei-hf
SspI-HF,R3132,,Restriction Enzyme (Type II),https://www.neb.com/en-us/products/r3132-sspi-hf
SpeI-HF,R3133,,Restriction Enzyme (Type II),https://www.neb.com/en-us/products/r3133-spei-hf
BamHI-HF,R3136,,Restriction Enzyme (Type II),https://www.neb.com/en-us/products/r3136-bamhi-hf
SalI-HF,R3138,,Restriction Enzyme (Type II),https://www.neb.com/en-us/products/r3138-sali-hf
PstI-HF,R3140,,Restriction Enzyme (Type II),https://www.neb.com/en-us/products/r3140-psti-hf
KpnI-HF,R3142,,Restriction Enzyme (Type II),https://www.neb.com/en-us/products/r3142-kpni-hf
PvuI-HF,R3150,,Restriction Enzyme (Type II),https://www.neb.com/en-us/products/r3150-pvui-hf
PvuII-HF,R3151,,Restriction Enzyme (Type II),https://www.neb.com/en-us/products/r3151-pvuii-hf
SacI-HF,R3156,,Restriction Enzyme (Type II),https://www.neb.com/en-us/products/r3156-saci-hf
BclI-HF,R3160,,Restriction Enzyme (Type II),https://www.neb.com/en-us/products/r3160-bcli-hf
BstEII-HF,R3162,,Restriction Enzyme (Type II),https://www.neb.com/en-us/products/r3162-bsteii-hf
SphI-HF,R3182,,Restriction Enzyme (Type II),https://www.neb.com/en-us/products/r3182-sphi-hf
NotI-HF,R3189,,Restriction Enzyme (Type II),https://www.neb.com/en-us/products/r3189-noti-hf
NruI-HF,R3192,,Restriction Enzyme (Type II),https://www.neb.com/en-us/products/r3192-nrui-hf
NcoI-HF,R3193,,Restriction Enzyme (Type II),https://www.neb.com/en-us/products/r3193-ncoi-hf
EcoRV-HF,R3195,,Restriction Enzyme (Type II),https://www.neb.com/en-us/products/r3195-ecorv-hf
MluI-HF,R3198,,Restriction Enzyme (Type II),https://www.neb.com/en-us/products/r3198-mlui-hf
StyI-HF,R3500,,Restriction Enzyme (Type II),https://www.neb.com/en-us/products/r3500-styi-hf
EagI-HF,R3505,,Restriction Enzyme (Type II),https://www.neb.com/en-us/products/r3505-eagi-hf
DraIII-HF,R3510,,Restriction Enzyme (Type II),https://www.neb.com/en-us/products/r3510-draiii-hf
AgeI-HF,R3552,,Restriction Enzyme (Type II),https://www.neb.com/en-us/products/r3552-agei-hf
BsiWI-HF,R3553,,Restriction Enzyme (Type II),https://www.neb.com/en-us/products/r3553-bsiwi-hf
ApoI-HF,R3566,,Restriction Enzyme (Type II),https://www.neb.com/en-us/products/r3566-apoi-hf
BsrGI-HF,R3575,,Restriction Enzyme (Type II),https://www.neb.com/en-us/products/r3575-bsrgi-hf
MfeI-HF,R3589,,Restriction Enzyme (Type II),https://www.neb.com/en-us/products/r3589-mfei-hf
BstZ17I-HF,R3594,,Restriction Enzyme (Type II),https://www.neb.com/en-us/products/r3594-bstz17i-hf
SbfI-HF,R3642,,Restriction Enzyme (Type II),https://www.neb.com/en-us/products/r3642-sbfi-hf
BmtI-HF,R3658,,Restriction Enzyme (Type II),https://www.neb.com/en-us/products/r3658-bmti-hf
EcoP15I,R0646,,Restriction Enzyme (Type III),https://www.neb.com/en-us/products/r0646-ecop15i
FokI,R0109,,Restriction Enzyme (Type IIS),https://www.neb.com/en-us/products/r0109-foki
BsmI,R0134,,Restriction Enzyme (Type IIS),https://www.neb.com/en-us/products/r0134-bsmi
MboII,R0148,,Restriction Enzyme (Type IIS),https://www.neb.com/en-us/products/r0148-mboii
HgaI,R0154,,Restriction Enzyme (Type IIS),https://www.neb.com/en-us/products/r0154-hgai
HphI,R0158,,Restriction Enzyme (Type IIS),https://www.neb.com/en-us/products/r0158-hphi
MnlI,R0163,,Restriction Enzyme (Type IIS),https://www.neb.com/en-us/products/r0163-mnli
SfaNI,R0172,,Restriction Enzyme (Type IIS),https://www.neb.com/en-us/products/r0172-sfani
BbvI,R0173,,Restriction Enzyme (Type IIS),https://www.neb.com/en-us/products/r0173-bbvi
BspMI,R0502,,Restriction Enzyme (Type IIS),https://www.neb.com/en-us/products/r0502-bspmi
AlwI,R0513,,Restriction Enzyme (Type IIS),https://www.neb.com/en-us/products/r0513-alwi
PleI,R0515,,Restriction Enzyme (Type IIS),https://www.neb.com/en-us/products/r0515-plei
BsrI,R0527,,Restriction Enzyme (Type IIS),https://www.neb.com/en-us/products/r0527-bsri
EarI,R0528,,Restriction Enzyme (Type IIS),https://www.neb.com/en-us/products/r0528-eari
BsmAI,R0529,,Restriction Enzyme (Type IIS),https://www.neb.com/en-us/products/r0529-bsmai
BbsI,R0539,,Restriction Enzyme (Type IIS),https://www.neb.com/en-us/products/r0539-bbsi
BcoDI,R0542,,Restriction Enzyme (Type IIS),https://www.neb.com/en-us/products/r0542-bcodi
BcgI,R0545,,Restriction Enzyme (Type IIS),https://www.neb.com/en-us/products/r0545-bcgi
BsgI,R0559,,Restriction Enzyme (Type IIS),https://www.neb.com/en-us/products/r0559-bsgi
BpmI,R0565,,Restriction Enzyme (Type IIS),https://www.neb.com/en-us/products/r0565-bpmi
SapI,R0569,,Restriction Enzyme (Type IIS),https://www.neb.com/en-us/products/r0569-sapi
BsmFI,R0572,,Restriction Enzyme (Type IIS),https://www.neb.com/en-us/products/r0572-bsmfi
BsrDI,R0574,,Restriction Enzyme (Type IIS),https://www.neb.com/en-us/products/r0574-bsrdi
BseRI,R0581,,Restriction Enzyme (Type IIS),https://www.neb.com/en-us/products/r0581-bseri
EciI,R0590,,Restriction Enzyme (Type IIS),https://www.neb.com/en-us/products/r0590-ecii
BciVI,R0596,,Restriction Enzyme (Type IIS),https://www.neb.com/en-us/products/r0596-bcivi
BmrI,R0600,,Restriction Enzyme (Type IIS),https://www.neb.com/en-us/products/r0600-bmri
BsaXI,R0609,,Restriction Enzyme (Type IIS),https://www.neb.com/en-us/products/r0609-bsaxi
MlyI,R0610,,Restriction Enzyme (Type IIS),https://www.neb.com/en-us/products/r0610-mlyi
BaeI,R0613,,Restriction Enzyme (Type IIS),https://www.neb.com/en-us/products/r0613-baei
HpyAV,R0621,,Restriction Enzyme (Type IIS),https://www.neb.com/en-us/products/r0621-hpyav
BceAI,R0623,,Restriction Enzyme (Type IIS),https://www.neb.com/en-us/products/r0623-bceai
BspCNI,R0624,,Restriction Enzyme (Type IIS),https://www.neb.com/en-us/products/r0624-bspcni
BpuEI,R0633,,Restriction Enzyme (Type IIS),https://www.neb.com/en-us/products/r0633-bpuei
MmeI,R0637,,Restriction Enzyme (Type IIS),https://www.neb.com/en-us/products/r0637-mmei
AcuI,R0641,,Restriction Enzyme (Type IIS),https://www.neb.com/en-us/products/r0641-acui
CspCI,R0645,,Restriction Enzyme (Type IIS),https://www.neb.com/en-us/products/r0645-cspci
BtsCI,R0647,,Restriction Enzyme (Type IIS),https://www.neb.com/en-us/products/r0647-btsci
FauI,R0651,,Restriction Enzyme (Type IIS),https://www.neb.com/en-us/products/r0651-faui
BtsIMutI,R0664,,Restriction Enzyme (Type IIS),https://www.neb.com/en-us/products/r0664-btsimuti
BtsI-v2,R0667,,Restriction Enzyme (Type IIS),https://www.neb.com/en-us/products/r0667-btsi-v2
BfuAI,R0701,,Restriction Enzyme (Type IIS),https://www.neb.com/en-us/products/r0701-bfuai
BtgZI,R0703,,Restriction Enzyme (Type IIS),https://www.neb.com/en-us/products/r0703-btgzi
BccI,R0704,,Restriction Enzyme (Type IIS),https://www.neb.com/en-us/products/r0704-bcci
NmeAIII,R0711,,Restriction Enzyme (Type IIS),https://www.neb.com/en-us/products/r0711-nmeaiii
BspQI,R0712,,Restriction Enzyme (Type IIS),https://www.neb.com/en-us/products/r0712-bspqi
Esp3I,R0734,,Restriction Enzyme (Type IIS),https://www.neb.com/en-us/products/r0734-esp3i
BsmBI-v2,R0739,,Restriction Enzyme (Type IIS),https://www.neb.com/en-us/products/r0739-bsmbi-v2
PaqCI,R0745,,Restriction Enzyme (Type IIS),https://www.neb.com/en-us/products/r0745-paqci
BbsI-HF,R3539,,Restriction Enzyme (Type IIS),https://www.neb.com/en-us/products/r3539-bbsi-hf
BspQI-HF,R3712,,Restriction Enzyme (Type IIS),https://www.neb.com/en-us/products/r3712-bspqi-hf
BsaI-HFv2,R3733,,Restriction Enzyme (Type IIS),https://www.neb.com/en-us/products/r3733-bsai-hfv2
AMV Reverse Transcriptase,M0277,9068-38-6,Reverse Transcriptase,https://www.neb.com/en-us/products/m0277-amv-reverse-transcriptase
ProtoScript II Reverse Transcriptase,M0368,9068-38-6,Reverse Transcriptase,https://www.neb.com/en-us/products/m0368-protoscript-ii-reverse-transcriptase
Warmstart RTX Reverse Transcriptase,M0380,,Reverse Transcriptase,https://www.neb.com/en-us/products/m0380-warmstart-rtx-reverse-transcriptase
Warmstart RTX Reverse Transcriptase Glycerol Free,M0439,,Reverse Transcriptase,https://www.neb.com/en-us/products/m0439-warmstart-rtx-reverse-transcriptase-glycerol-free
Template Switching RT Enzyme Mix,M0466,,Reverse Transcriptase,https://www.neb.com/en-us/products/m0466-template-switching-rt-enzyme-mix
Induro Reverse Transcriptase,M0681,,Reverse Transcriptase,https://www.neb.com/en-us/products/m0681-induro-reverse-transcriptase
