name,sigma_sku,cas_number,category,source_url
Dimethyl sulfoxide (DMSO) ACS reagent ≥99.9%,472301,67-68-5,solvent,https://www.sigmaaldrich.com/US/en/product/sigald/472301
Dimethyl sulfoxide (DMSO) Hybri-Max sterile-filtered,D2650,67-68-5,solvent,https://www.sigmaaldrich.com/US/en/product/sigma/d2650
Dimethyl sulfoxide (DMSO) ReagentPlus ≥99.5%,D5879,67-68-5,solvent,https://www.sigmaaldrich.com/US/en/product/sigald/d5879
Dimethyl sulfoxide (DMSO) sterile-filtered EP/USP,D2438,67-68-5,solvent,https://www.sigmaaldrich.com/US/en/product/sigma/d2438
Dimethyl sulfoxide anhydrous ≥99.9%,589569,67-68-5,solvent,https://www.sigmaaldrich.com/US/en/product/mm/589569
Methanol ACS reagent ≥99.8%,320390,67-56-1,solvent,https://www.sigmaaldrich.com/US/en/product/sigald/320390
Methanol anhydrous 99.8%,322415,67-56-1,solvent,https://www.sigmaaldrich.com/US/en/product/sial/322415
Methanol anhydrous for analysis,106012,67-56-1,solvent,https://www.sigmaaldrich.com/US/en/product/mm/106012
Methanol anhydrous 99.8% for tissue processing,322415,67-56-1,fixative,https://www.sigmaaldrich.com/US/en/product/sial/322415
Ethanol absolute ≥99.8%,24102,64-17-5,solvent,https://www.sigmaaldrich.com/US/en/product/sigald/24102
Ethanol Pure 200 proof molecular biology,E7023,64-17-5,solvent,https://www.sigmaaldrich.com/US/en/product/sigald/e7023
Ethanol BioUltra molecular biology,51976,64-17-5,solvent,https://www.sigmaaldrich.com/US/en/product/sial/51976
Ethanol for molecular biology,108543,64-17-5,solvent,https://www.sigmaaldrich.com/US/en/product/mm/108543
Acetonitrile HPLC-GC ≥99.8%,34881M,75-05-8,solvent,https://www.sigmaaldrich.com/US/en/product/sial/34881m
Acetonitrile HPLC Plus ≥99.9%,675415,75-05-8,solvent,https://www.sigmaaldrich.com/US/en/product/sial/675415
Acetonitrile gradient grade ≥99.9%,50387,75-05-8,solvent,https://www.sigmaaldrich.com/US/en/product/sial/50387
Acetonitrile for HPLC for UV ≥99.9%,34888,75-05-8,solvent,https://www.sigmaaldrich.com/US/en/product/sigald/34888
Acetonitrile analytical standard,45983,75-05-8,solvent,https://www.sigmaaldrich.com/US/en/product/sial/45983
2-Propanol (Isopropanol) ACS reagent ≥99.5%,190764,67-63-0,solvent,https://www.sigmaaldrich.com/US/en/product/sigald/190764
2-Propanol for HPLC 99.9%,34863,67-63-0,solvent,https://www.sigmaaldrich.com/US/en/product/sigald/34863
2-Propanol anhydrous 99.5%,278475,67-63-0,solvent,https://www.sigmaaldrich.com/US/en/product/sial/278475
2-Propanol for molecular biology BioReagent,I9516,67-63-0,solvent,https://www.sigmaaldrich.com/US/en/product/sigma/i9516
Isopropanol 70% in H2O,563935,67-63-0,solvent,https://www.sigmaaldrich.com/US/en/product/sigald/563935
Chloroform anhydrous 99% ethanol stabilizer,288306,67-66-3,solvent,https://www.sigmaaldrich.com/US/en/product/sial/288306
Chloroform anhydrous amylenes stabilizer ≥99%,372978,67-66-3,solvent,https://www.sigmaaldrich.com/US/en/product/sial/372978
Chloroform analytical standard,02487,67-66-3,solvent,https://www.sigmaaldrich.com/US/en/product/sial/02487
Dichloromethane (DCM) anhydrous ≥99.8%,L090000,75-09-2,solvent,https://www.sigmaaldrich.com/US/en/product/sigma/l090000
Dichloromethane EMSURE ACS ISO Reag. Ph Eur,106050,75-09-2,solvent,https://www.sigmaaldrich.com/US/en/product/mm/106050
Dichloromethane EMPLURA,822271,75-09-2,solvent,https://www.sigmaaldrich.com/US/en/product/mm/822271
Tetrahydrofuran (THF) anhydrous ≥99.9% BHT 250 ppm,186562,109-99-9,solvent,https://www.sigmaaldrich.com/US/en/product/sial/186562
Tetrahydrofuran for HPLC ≥99.9% inhibitor-free,439215,109-99-9,solvent,https://www.sigmaaldrich.com/US/en/product/sial/439215
Tetrahydrofuran THF reagent,401757,109-99-9,solvent,https://www.sigmaaldrich.com/US/en/product/sial/401757
Tetrahydrofuran ≥99.5%,147222,109-99-9,solvent,https://www.sigmaaldrich.com/US/en/product/aldrich/147222
N N-Dimethylformamide (DMF) ACS reagent ≥99.8%,319937,68-12-2,solvent,https://www.sigmaaldrich.com/US/en/product/sigald/319937
N N-Dimethylformamide ReagentPlus ≥99%,D158550,68-12-2,solvent,https://www.sigmaaldrich.com/US/en/product/sigald/d158550
N N-Dimethylformamide anhydrous 99.8%,589565,68-12-2,solvent,https://www.sigmaaldrich.com/US/en/product/mm/589565
N N-Dimethylformamide for molecular biology ≥99%,D4551,68-12-2,solvent,https://www.sigmaaldrich.com/US/en/product/sigma/d4551
N N-Dimethylformamide for HPLC ≥99.9%,648531,68-12-2,solvent,https://www.sigmaaldrich.com/US/en/product/sial/648531
N N-Dimethylformamide for peptide synthesis,100397,68-12-2,solvent,https://www.sigmaaldrich.com/US/en/product/mm/100397
Diethyl ether ACS reagent anhydrous ≥99.0% BHT inhibitor,346136,60-29-7,solvent,https://www.sigmaaldrich.com/US/en/product/sigald/346136
Diethyl ether anhydrous BHT 1ppm 99.7%,589589,60-29-7,solvent,https://www.sigmaaldrich.com/US/en/product/mm/589589
Diethyl ether EMPLURA,100923,60-29-7,solvent,https://www.sigmaaldrich.com/US/en/product/mm/100923
Diethyl ether EMSURE ACS ISO Reag. Ph Eur,100921,60-29-7,solvent,https://www.sigmaaldrich.com/US/en/product/mm/100921
Hexane mixture of isomers EMPARTA ACS,107060,110-54-3,solvent,https://www.sigmaaldrich.com/US/en/product/mm/107060
n-Hexane,617691,110-54-3,solvent,https://www.sigmaaldrich.com/US/en/product/mm/617691
Hexane anhydrous 95%,589590,110-54-3,solvent,https://www.sigmaaldrich.com/US/en/product/mm/589590
Hexanes for chromatography,617854,110-54-3,solvent,https://www.sigmaaldrich.com/US/en/product/mm/617854
Ethyl acetate ACS reagent ≥99.5%,319902,141-78-6,solvent,https://www.sigmaaldrich.com/US/en/product/sigald/319902
Ethyl acetate anhydrous 99.8%,270989,141-78-6,solvent,https://www.sigmaaldrich.com/US/en/product/sial/270989
Ethyl acetate ReagentPlus ≥99.8%,537446,141-78-6,solvent,https://www.sigmaaldrich.com/US/en/product/sial/537446
Ethyl acetate EMSURE ACS ISO Reag. Ph Eur,109623,141-78-6,solvent,https://www.sigmaaldrich.com/US/en/product/mm/109623
Acetone ACS reagent ≥99.5%,179124,67-64-1,solvent,https://www.sigmaaldrich.com/US/en/product/sigald/179124
Acetone histological grade ≥99.5%,534064,67-64-1,solvent,https://www.sigmaaldrich.com/US/en/product/sigald/534064
Acetone Laboratory Reagent ≥99.5%,179973,67-64-1,solvent,https://www.sigmaaldrich.com/US/en/product/sigald/179973
Acetone for HPLC ≥99.9%,439126,67-64-1,solvent,https://www.sigmaaldrich.com/US/en/product/sial/439126
Toluene ACS reagent ≥99.5%,179418,108-88-3,solvent,https://www.sigmaaldrich.com/US/en/product/sigald/179418
Toluene anhydrous 99.8%,244511,108-88-3,solvent,https://www.sigmaaldrich.com/US/en/product/sial/244511
Toluene LiChrosolv for liquid chromatography,108327,108-88-3,solvent,https://www.sigmaaldrich.com/US/en/product/mm/108327
Toluene analytical standard,89680,108-88-3,solvent,https://www.sigmaaldrich.com/US/en/product/sial/89680
Trizma base ACS reagent ≥99.9%,252859,77-86-1,buffer,https://www.sigmaaldrich.com/US/en/product/sial/252859
Trizma base High-Purity (Tris base),T1503,77-86-1,buffer,https://www.sigmaaldrich.com/US/en/product/sigma/t1503
Trizma base BioXtra,T6791,77-86-1,buffer,https://www.sigmaaldrich.com/US/en/product/sigma/t6791
Trizma base ≥99.9% titration crystalline,T4661,77-86-1,buffer,https://www.sigmaaldrich.com/US/en/product/sigma/t4661
Trizma base solution 1.5 M,7264,77-86-1,buffer,https://www.sigmaaldrich.com/US/en/product/sigma/7264
Trizma HCl Reagent grade (Tris-HCl),T3253,1185-53-1,buffer,https://www.sigmaaldrich.com/US/en/product/sigma/t3253
Trizma HCl BioPerformance certified,T5941,1185-53-1,buffer,https://www.sigmaaldrich.com/US/en/product/sigma/t5941
Tris hydrochloride EMPROVE EXPERT,108219,1185-53-1,buffer,https://www.sigmaaldrich.com/US/en/product/mm/108219
Tris HCl Ultrol Grade,648313,1185-53-1,buffer,https://www.sigmaaldrich.com/US/en/product/mm/648313
HEPES High-Purity,H3375,7365-45-9,buffer,https://www.sigmaaldrich.com/US/en/product/sigma/h3375
HEPES Buffer Solution BioXtra,H0887,7365-45-9,buffer,https://www.sigmaaldrich.com/US/en/product/sigma/h0887
HEPES BioPerformance certified,H4034,7365-45-9,buffer,https://www.sigmaaldrich.com/US/en/product/sigma/h4034
HEPES buffer solution 1M,83264,7365-45-9,buffer,https://www.sigmaaldrich.com/US/en/product/sigma/83264
HEPES BioUltra molecular biology ≥99.5%,54457,7365-45-9,buffer,https://www.sigmaaldrich.com/US/en/product/sigma/54457
HEPES Sodium buffer BioPerformance certified,H3784,7365-45-9,buffer,https://www.sigmaaldrich.com/US/en/product/sigma/h3784
HEPES Free Acid Molecular Biology Grade,391340,7365-45-9,buffer,https://www.sigmaaldrich.com/US/en/product/mm/391340
MOPS High-Purity,M1254,1132-61-2,buffer,https://www.sigmaaldrich.com/US/en/product/sigma/m1254
MOPS BioXtra ≥99.5%,M5162,1132-61-2,buffer,https://www.sigmaaldrich.com/US/en/product/sigma/m5162
MOPS BioUltra ≥99.5%,69947,1132-61-2,buffer,https://www.sigmaaldrich.com/US/en/product/sial/69947
MOPS Free Acid Molecular Biology Grade,475922,1132-61-2,buffer,https://www.sigmaaldrich.com/US/en/product/mm/475922
PIPES ≥99% titration,P6757,5625-37-6,buffer,https://www.sigmaaldrich.com/US/en/product/sigma/p6757
PIPES BioPerformance Certified cell culture,P1851,5625-37-6,buffer,https://www.sigmaaldrich.com/US/en/product/sigma/p1851
PIPES BioXtra molecular biology ≥99.5%,80635,5625-37-6,buffer,https://www.sigmaaldrich.com/US/en/product/sigma/80635
PIPES anhydrous Redi-Dri ≥99%,RDD004,5625-37-6,buffer,https://www.sigmaaldrich.com/US/en/product/sigma/rdd004
Bis-Tris BioPerformance certified,B9754,6976-37-0,buffer,https://www.sigmaaldrich.com/US/en/product/sigma/b9754
Bis-Tris BioUltra,14879,6976-37-0,buffer,https://www.sigmaaldrich.com/US/en/product/sigma/14879
Bis-Tris cell culture,RES1161BA7,6976-37-0,buffer,https://www.sigmaaldrich.com/US/en/product/sigma/res1161ba7
Bis-Tris ≥98%,156663,6976-37-0,buffer,https://www.sigmaaldrich.com/US/en/product/aldrich/156663
MES buffer High-Purity,M3671,4432-31-9,buffer,https://www.sigmaaldrich.com/US/en/product/sigma/m3671
MES BioReagent ≥99% titration crystalline,M5057,4432-31-9,buffer,https://www.sigmaaldrich.com/US/en/product/sigma/m5057
MES Free Acid Ultrol Grade,475893,4432-31-9,buffer,https://www.sigmaaldrich.com/catalog/product/mm/475893
MES sodium salt BioPerformance Certified,M3058,71119-23-8,buffer,https://www.sigmaaldrich.com/US/en/product/sigma/m3058
MES sodium salt Ultrol Grade,475894,71119-23-8,buffer,https://www.sigmaaldrich.com/US/en/product/mm/475894
Imidazole Molecular Biology grade,I5513,288-32-4,buffer,https://www.sigmaaldrich.com/US/en/product/sigma/i5513
Imidazole ACS reagent ≥99% titration,I2399,288-32-4,buffer,https://www.sigmaaldrich.com/US/en/product/sial/i2399
Imidazole ReagentPlus 99%,I202,288-32-4,buffer,https://www.sigmaaldrich.com/US/en/product/aldrich/i202
Imidazole buffer substance ACS,104716,288-32-4,buffer,https://www.sigmaaldrich.com/catalog/product/mm/104716
Sodium chloride ACS,S7653,7647-14-5,salt,https://www.sigmaaldrich.com/US/en/product/sial/s7653
Sodium chloride BioXtra ≥99.5% (cell culture),S8776,7647-14-5,salt,https://www.sigmaaldrich.com/US/en/product/sigma/s8776
Sodium chloride BioUltra,71376,7647-14-5,salt,https://www.sigmaaldrich.com/US/en/product/sigma/71376
Sodium chloride solution 5M,59222C,7647-14-5,salt,https://www.sigmaaldrich.com/US/en/product/sigma/59222c
Sodium chloride NaCl,S9888,7647-14-5,salt,https://www.sigmaaldrich.com/US/en/product/sigald/s9888
Potassium chloride ACS reagent 99.0-100.5%,P3911,7447-40-7,salt,https://www.sigmaaldrich.com/US/en/product/sigald/p3911
Potassium chloride BioUltra molecular biology 1M,60142,7447-40-7,salt,https://www.sigmaaldrich.com/US/en/product/sigma/60142
Potassium chloride for molecular biology ≥99%,P9541,7447-40-7,salt,https://www.sigmaaldrich.com/US/en/product/sigma/p9541
Potassium chloride puriss. p.a. ≥99.5%,60130,7447-40-7,salt,https://www.sigmaaldrich.com/US/en/product/sigald/60130
Potassium chloride ReagentPlus ≥99.0%,P4504,7447-40-7,salt,https://www.sigmaaldrich.com/US/en/product/sigald/p4504
Magnesium chloride hexahydrate ACS reagent,M9272,7791-18-6,salt,https://www.sigmaaldrich.com/US/en/product/sigald/m9272
Magnesium chloride hexahydrate BioReagent (cell culture),M2393,7791-18-6,salt,https://www.sigmaaldrich.com/US/en/product/sigma/m2393
Magnesium chloride hexahydrate BioXtra ≥99.0%,M2670,7791-18-6,salt,https://www.sigmaaldrich.com/US/en/product/sial/m2670
Magnesium chloride hexahydrate ReagentPlus ≥99.0%,M0250,7791-18-6,salt,https://www.sigmaaldrich.com/US/en/product/sigald/m0250
Magnesium chloride hexahydrate BioUltra,63068,7791-18-6,salt,https://www.sigmaaldrich.com/US/en/product/sial/63068
Calcium chloride dihydrate,21102,10035-04-8,salt,https://www.sigmaaldrich.com/US/en/product/sial/21102
Calcium chloride dihydrate ReagentPlus ≥99.0%,C3881,10035-04-8,salt,https://www.sigmaaldrich.com/US/en/product/sigald/c3881
Calcium chloride dihydrate ACS reagent ≥99%,223506,10035-04-8,salt,https://www.sigmaaldrich.com/US/en/product/sigald/223506
Calcium chloride dihydrate BioReagent (cell culture),C7902,10035-04-8,salt,https://www.sigmaaldrich.com/US/en/product/sigma/c7902
Calcium chloride dihydrate molecular biology,208291,10035-04-8,salt,https://www.sigmaaldrich.com/US/en/product/mm/208291
Calcium chloride anhydrous powder ≥97%,C4901,10043-52-4,hygroscopic-solid,https://www.sigmaaldrich.com/US/en/product/sigald/c4901
Calcium chloride anhydrous granular ≥93%,C1016,10043-52-4,hygroscopic-solid,https://www.sigmaaldrich.com/US/en/product/sigald/c1016
Calcium chloride anhydrous Redi-Dri ≥97%,746495,10043-52-4,hygroscopic-solid,https://www.sigmaaldrich.com/US/en/product/sigald/746495
Calcium chloride anhydrous powder Reag. Ph Eur,102378,10043-52-4,hygroscopic-solid,https://www.sigmaaldrich.com/US/en/product/mm/102378
Sodium phosphate dibasic ACS reagent ≥99%,S9763,7558-79-4,buffer,https://www.sigmaaldrich.com/US/en/product/sigald/s9763
Sodium phosphate dibasic anhydrous ACS,71640,7558-79-4,buffer,https://www.sigmaaldrich.com/US/en/product/sigald/71640
Sodium phosphate dibasic ReagentPlus ≥99.0%,S0876,7558-79-4,buffer,https://www.sigmaaldrich.com/US/en/product/sial/s0876
Sodium phosphate dibasic for molecular biology,S3264,7558-79-4,buffer,https://www.sigmaaldrich.com/US/en/product/sigma/s3264
Sodium phosphate dibasic Redi-Dri,RDD038,7558-79-4,buffer,https://www.sigmaaldrich.com/US/en/product/sial/rdd038
Sodium phosphate dibasic BioReagent cell culture,S5136,7558-79-4,buffer,https://www.sigmaaldrich.com/US/en/product/sigma/s5136
Sodium phosphate dibasic BioXtra,S7907,7558-79-4,buffer,https://www.sigmaaldrich.com/US/en/product/sial/s7907
Potassium phosphate monobasic 1M solution,P8709,7778-77-0,buffer,https://www.sigmaaldrich.com/US/en/product/sial/p8709
Potassium phosphate monobasic powder cell culture,P5655,7778-77-0,buffer,https://www.sigmaaldrich.com/US/en/product/sigma/p5655
Potassium phosphate monobasic ReagentPlus,P5379,7778-77-0,buffer,https://www.sigmaaldrich.com/US/en/product/sial/p5379
Potassium phosphate monobasic Redi-Dri,RDD037,7778-77-0,buffer,https://www.sigmaaldrich.com/US/en/product/sial/rdd037
Potassium phosphate monobasic for molecular biology,P9791,7778-77-0,buffer,https://www.sigmaaldrich.com/US/en/product/sigma/p9791
Potassium phosphate monobasic BioUltra anhydrous ≥99.5%,60218,7778-77-0,buffer,https://www.sigmaaldrich.com/US/en/product/sigma/60218
Ammonium acetate ACS reagent ≥97%,238074,631-61-8,salt,https://www.sigmaaldrich.com/US/en/product/sigald/238074
Ammonium acetate trace metals ≥99.99%,431311,631-61-8,salt,https://www.sigmaaldrich.com/US/en/product/sigald/431311
Ammonium acetate reagent grade ≥98%,A7262,631-61-8,salt,https://www.sigmaaldrich.com/US/en/product/sial/a7262
Ammonium acetate for LC-MS LiChropur,533004,631-61-8,salt,https://www.sigmaaldrich.com/US/en/product/mm/533004
Ammonium sulfate ReagentPlus ≥99.0%,A5132,7783-20-2,salt,https://www.sigmaaldrich.com/US/en/product/sigald/a5132
Ammonium sulfate for molecular biology,A4418,7783-20-2,salt,https://www.sigmaaldrich.com/US/en/product/sigma/a4418
Ammonium sulfate ACS reagent ≥99.0%,A4915,7783-20-2,salt,https://www.sigmaaldrich.com/US/en/product/sigald/a4915
Ammonium sulfate cell culture plant ≥99.0%,A3920,7783-20-2,salt,https://www.sigmaaldrich.com/US/en/product/sigma/a3920
Ammonium sulfate for biochemistry,101211,7783-20-2,salt,https://www.sigmaaldrich.com/US/en/product/mm/101211
Sodium hydroxide ACS reagent pellets ≥97%,221465,1310-73-2,hygroscopic-solid,https://www.sigmaaldrich.com/US/en/product/sigald/221465
Sodium hydroxide reagent grade pellets anhydrous ≥98%,S5881,1310-73-2,hygroscopic-solid,https://www.sigmaaldrich.com/US/en/product/sigald/s5881
Sodium hydroxide pellets EMPLURA,106462,1310-73-2,hygroscopic-solid,https://www.sigmaaldrich.com/US/en/product/mm/106462
Sodium hydroxide pellets EMSURE,106498,1310-73-2,hygroscopic-solid,https://www.sigmaaldrich.com/US/en/product/mm/106498
Sodium hydroxide Redi-Dri ACS reagent ≥97%,795429,1310-73-2,hygroscopic-solid,https://www.sigmaaldrich.com/US/en/product/sigald/795429
Sodium hydroxide puriss. p.a. ACS reagent ≥98%,71690,1310-73-2,hygroscopic-solid,https://www.sigmaaldrich.com/US/en/product/sigald/71690
Potassium hydroxide ACS reagent ≥85% pellets,221473,1310-58-3,hygroscopic-solid,https://www.sigmaaldrich.com/US/en/product/sigald/221473
Potassium hydroxide solution 45 wt%,417661,1310-58-3,hygroscopic-solid,https://www.sigmaaldrich.com/US/en/product/sigald/417661
Potassium hydroxide pellets EMSURE,105033,1310-58-3,hygroscopic-solid,https://www.sigmaaldrich.com/US/en/product/mm/105033
Potassium hydroxide technical powder ≥85%,06103,1310-58-3,hygroscopic-solid,https://www.sigmaaldrich.com/US/en/product/sigald/06103
Potassium hydroxide pellets ≥85%,P1767,1310-58-3,hygroscopic-solid,https://www.sigmaaldrich.com/US/en/product/sigald/p1767
Lithium chloride anhydrous Redi-Dri ACS reagent ≥99%,746460,7447-41-8,hygroscopic-solid,https://www.sigmaaldrich.com/US/en/product/sigald/746460
Lithium chloride BioUltra anhydrous ≥99.0%,62476,7447-41-8,hygroscopic-solid,https://www.sigmaaldrich.com/US/en/product/sigma/62476
Lithium chloride anhydrous chunks 99.99% trace metals,751898,7447-41-8,hygroscopic-solid,https://www.sigmaaldrich.com/US/en/product/aldrich/751898
Lithium chloride AnhydroBeads -10 mesh ≥99.9%,449881,7447-41-8,hygroscopic-solid,https://www.sigmaaldrich.com/US/en/product/aldrich/449881
Lithium chloride puriss. p.a. ACS reagent ≥99%,62478,7447-41-8,hygroscopic-solid,https://www.sigmaaldrich.com/US/en/product/sial/62478
Magnesium sulfate anhydrous ReagentPlus ≥99.5%,M7506,7487-88-9,hygroscopic-solid,https://www.sigmaaldrich.com/US/en/product/sigald/m7506
Magnesium sulfate anhydrous reagent grade ≥97%,208094,7487-88-9,hygroscopic-solid,https://www.sigmaaldrich.com/US/en/product/sigald/208094
Magnesium sulfate anhydrous Redi-Dri,746452,7487-88-9,hygroscopic-solid,https://www.sigmaaldrich.com/US/en/product/sigald/746452
Magnesium sulfate anhydrous EMSURE,106067,7487-88-9,hygroscopic-solid,https://www.sigmaaldrich.com/US/en/product/mm/106067
Sodium bicarbonate ACS reagent ≥99.7%,S6014,144-55-8,salt,https://www.sigmaaldrich.com/US/en/product/sigald/s6014
Sodium bicarbonate Redi-Dri ACS,792519,144-55-8,salt,https://www.sigmaaldrich.com/US/en/product/sigald/792519
Sodium bicarbonate BioXtra 99.5-100.5%,S6297,144-55-8,salt,https://www.sigmaaldrich.com/US/en/product/sial/s6297
Sodium bicarbonate HPLC ACS,SX0322,144-55-8,salt,https://www.sigmaaldrich.com/US/en/product/mm/sx0322
Sodium citrate tribasic dihydrate ACS reagent ≥99%,S4641,6132-04-3,salt,https://www.sigmaaldrich.com/US/en/product/sial/s4641
Sodium citrate tribasic for molecular biology ≥99%,C8532,6132-04-3,salt,https://www.sigmaaldrich.com/US/en/product/sial/c8532
Sodium citrate tribasic dihydrate,C7254,6132-04-3,salt,https://www.sigmaaldrich.com/US/en/product/sial/c7254
Sodium citrate tribasic BioUltra ≥99.5%,71402,6132-04-3,salt,https://www.sigmaaldrich.com/US/en/product/sigma/71402
Triton X-100 BioXtra,X100,9002-93-1,detergent,https://www.sigmaaldrich.com/US/en/product/sial/x100
Triton X-100 Molecular Biology Grade,T8787,9002-93-1,detergent,https://www.sigmaaldrich.com/US/en/product/sigma/t8787
Triton X-100 for electrophoresis,T8532,9002-93-1,detergent,https://www.sigmaaldrich.com/US/en/product/sigma/t8532
Triton X-100 peroxide- and carbonyl-free,X100PC,9002-93-1,detergent,https://www.sigmaaldrich.com/US/en/product/sial/x100pc
Triton X-100 (Calbiochem),648462,9002-93-1,detergent,https://www.sigmaaldrich.com/US/en/product/mm/648462
Triton X-100 Molecular Biology Grade (Calbiochem),648466,9002-93-1,detergent,https://www.sigmaaldrich.com/US/en/product/mm/648466
Triton X-100 PROTEIN GRADE 10% Solution Sterile-Filtered,648463,9002-93-1,detergent,https://www.sigmaaldrich.com/US/en/product/mm/648463
Triton X-100 solution BioUltra,93443,9002-93-1,detergent,https://www.sigmaaldrich.com/US/en/product/sigma/93443
Tween 20 viscous liquid cell culture,P2287,9005-64-5,detergent,https://www.sigmaaldrich.com/US/en/product/sigma/p2287
Tween 20 Low-peroxide Low-carbonyls,P6585,9005-64-5,detergent,https://www.sigmaaldrich.com/US/en/product/sial/p6585
Tween 20 Cell-Culture,P1379,9005-64-5,detergent,https://www.sigmaaldrich.com/US/en/product/sial/p1379
Tween 20 High-Quality,93773,9005-64-5,detergent,https://www.sigmaaldrich.com/US/en/product/sigma/93773
Tween 20 Detergent Molecular Biology Grade,655204,9005-64-5,detergent,https://www.sigmaaldrich.com/US/en/product/mm/655204
Tween 80 High-Purity,P1754,9005-65-6,detergent,https://www.sigmaaldrich.com/US/en/product/sial/p1754
Tween 80 for molecular biology,P5188,9005-65-6,detergent,https://www.sigmaaldrich.com/US/en/product/sigma/p5188
Tween 80 cell culture mammalian/insect,P4780,9005-65-6,detergent,https://www.sigmaaldrich.com/US/en/product/sigma/p4780
Tween 80 non-animal source,P6224,9005-65-6,detergent,https://www.sigmaaldrich.com/US/en/product/sial/p6224
Tween 80 Ph Eur,59924,9005-65-6,detergent,https://www.sigmaaldrich.com/US/en/product/sial/59924
Sodium dodecyl sulfate (SDS) ACS reagent,436143,151-21-3,detergent,https://www.sigmaaldrich.com/US/en/product/sial/436143
Sodium dodecyl sulfate BioReagent,L3771,151-21-3,detergent,https://www.sigmaaldrich.com/US/en/product/sigma/l3771
Sodium dodecyl sulfate BioUltra,71725,151-21-3,detergent,https://www.sigmaaldrich.com/US/en/product/sigma/71725
Sodium dodecyl sulfate ≥98.0% GC,71729,151-21-3,detergent,https://www.sigmaaldrich.com/US/en/product/sigma/71729
Sodium dodecyl sulfate Redi-Dri,RDD040,151-21-3,detergent,https://www.sigmaaldrich.com/US/en/product/sial/rdd040
Sodium dodecyl sulfate Ph Eur,817034,151-21-3,detergent,https://www.sigmaaldrich.com/US/en/product/mm/817034
IGEPAL CA-630 (NP-40 substitute) for molecular biology,I8896,9036-19-5,detergent,https://www.sigmaaldrich.com/US/en/product/sigma/i8896
CHAPS Molecular Biology Grade,220201,75621-03-3,detergent,https://www.sigmaaldrich.com/US/en/product/mm/220201
CHAPS for biochemistry,111662,75621-03-3,detergent,https://www.sigmaaldrich.com/US/en/product/mm/111662
CHAPS solution 100 mM,19899,75621-03-3,detergent,https://www.sigmaaldrich.com/US/en/product/sigma/19899
Sodium deoxycholate High-Purity,D6750,302-95-4,detergent,https://www.sigmaaldrich.com/US/en/product/sial/d6750
Sodium deoxycholate BioXtra,30970,302-95-4,detergent,https://www.sigmaaldrich.com/US/en/product/sigma/30970
Sodium deoxycholate Ultrol Grade,264103,302-95-4,detergent,https://www.sigmaaldrich.com/US/en/product/mm/264103
Sodium deoxycholate,S1827,302-95-4,detergent,https://www.sigmaaldrich.com/US/en/product/sigma/s1827
Sodium deoxycholate (cell lysis),264101,302-95-4,detergent,https://www.sigmaaldrich.com/US/en/product/mm/264101
Digitonin Detergent,D5628,11024-24-1,detergent,https://www.sigmaaldrich.com/US/en/product/sigma/d5628
Digitonin High-Purity,D141,11024-24-1,detergent,https://www.sigmaaldrich.com/US/en/product/sigma/d141
Digitonin High Purity (Millipore),300410,11024-24-1,detergent,https://www.sigmaaldrich.com/US/en/product/mm/300410
Digitonin ≥50% (HPLC),37006,11024-24-1,detergent,https://www.sigmaaldrich.com/US/en/product/sial/37006
DAPI for nucleic acid staining,D9542,28718-90-3,fluorescent-dye,https://www.sigmaaldrich.com/US/en/product/sigma/d9542
DAPI dihydrochloride (Calbiochem),268298,28718-90-3,fluorescent-dye,https://www.sigmaaldrich.com/US/en/product/mm/268298
DAPI Roche,10236276001,28718-90-3,fluorescent-dye,https://www.sigmaaldrich.com/US/en/product/roche/10236276001
DAPI for microscopy,124653,28718-90-3,fluorescent-dye,https://www.sigmaaldrich.com/US/en/product/mm/124653
DAPI ready made solution 1 mg/mL,MBD0015,28718-90-3,fluorescent-dye,https://www.sigmaaldrich.com/US/en/product/sigma/mbd0015
DAPI ready made solution with Antifade,MBD0020,28718-90-3,fluorescent-dye,https://www.sigmaaldrich.com/US/en/product/sigma/mbd0020
bisBenzimide H 33342 trihydrochloride,861529,23491-52-3,fluorescent-dye,https://www.sigmaaldrich.com/catalog/product/aldrich/861529
Hoechst Stain (Hoechst 33258),H6024,23491-45-4,fluorescent-dye,https://www.sigmaaldrich.com/US/en/product/sigma/h6024
bisBenzimide H 33258 ≥98% HPLC,14530,23491-45-4,fluorescent-dye,https://www.sigmaaldrich.com/US/en/product/sigma/14530
Fluorescein isothiocyanate (FITC) Isomer I 95% TLC,34321M,3326-32-7,fluorescent-dye,https://www.sigmaaldrich.com/US/en/product/mm/34321m
Fluorescein isothiocyanate isomer I ≥97.5% HPLC,F4274,3326-32-7,fluorescent-dye,https://www.sigmaaldrich.com/US/en/product/sigma/f4274
Fluorescein isothiocyanate isomer I ≥90% HPLC,F7250,3326-32-7,fluorescent-dye,https://www.sigmaaldrich.com/US/en/product/sigma/f7250
Fluorescein-5-isothiocyanate for biochemistry/microscopy,124546,3326-32-7,fluorescent-dye,https://www.sigmaaldrich.com/US/en/product/mm/124546
Fluorescein isothiocyanate Biological Tracer,46950,3326-32-7,fluorescent-dye,https://www.sigmaaldrich.com/US/en/product/sigma/46950
Propidium iodide powder,P4170,25535-16-4,fluorescent-dye,https://www.sigmaaldrich.com/US/en/product/sigma/p4170
Propidium iodide ≥94% HPLC,81845,25535-16-4,fluorescent-dye,https://www.sigmaaldrich.com/US/en/product/sial/81845
Propidium iodide solution 1.0 mg/mL,P4864,25535-16-4,fluorescent-dye,https://www.sigmaaldrich.com/US/en/product/sial/p4864
Propidium iodide 95%,287075,25535-16-4,fluorescent-dye,https://www.sigmaaldrich.com/US/en/product/sial/287075
Propidium iodide bacteria stain solution,79214,25535-16-4,fluorescent-dye,https://www.sigmaaldrich.com/US/en/product/sigma/79214
Rhodamine 6G analytical standard,56226,989-38-8,fluorescent-dye,https://www.sigmaaldrich.com/US/en/product/sial/56226
Rhodamine 6G dye content 99%,252433,989-38-8,fluorescent-dye,https://www.sigmaaldrich.com/US/en/product/aldrich/252433
Rhodamine 6G dye content 95%,R4127,989-38-8,fluorescent-dye,https://www.sigmaaldrich.com/US/en/product/sigma/r4127
Rhodamine 6G BioReagent fluorescence,83697,989-38-8,fluorescent-dye,https://www.sigmaaldrich.com/US/en/product/sigma/83697
Rhodamine 6G for microscopy,83698,989-38-8,fluorescent-dye,https://www.sigmaaldrich.com/US/en/product/sial/83698
Ethidium bromide BioReagent powder,E7637,1239-45-8,fluorescent-dye,https://www.sigmaaldrich.com/US/en/product/sigma/e7637
Ethidium bromide ~95% HPLC,E8751,1239-45-8,fluorescent-dye,https://www.sigmaaldrich.com/US/en/product/sial/e8751
Ethidium bromide solution 10 mg/mL,E1510,1239-45-8,fluorescent-dye,https://www.sigmaaldrich.com/US/en/product/sigma/e1510
Ethidium bromide for biochemistry,111615,1239-45-8,fluorescent-dye,https://www.sigmaaldrich.com/US/en/product/mm/111615
Ethidium bromide for fluorescence ≥95% HPLC,46065,1239-45-8,fluorescent-dye,https://www.sigmaaldrich.com/US/en/product/sigma/46065
SYBR Green I nucleic acid gel stain 10000x,S9430,163795-75-3,fluorescent-dye,https://www.sigmaaldrich.com/US/en/product/sial/s9430
Sulforhodamine 101 acid chloride (Texas Red),S3388,82354-19-6,fluorescent-dye,https://www.sigmaaldrich.com/US/en/product/sigma/s3388
Cy3 Bis NHS Ester (Cytiva PA13000),GEPA13000,,fluorescent-dye,https://www.sigmaaldrich.com/US/en/product/sigma/gepa13000
Cy3 Mono NHS Ester (Cytiva PA13101),GEPA13101,,fluorescent-dye,https://www.sigmaaldrich.com/US/en/product/sigma/gepa13101
Cy3 Maleimide Mono-Reactive Dye Pack,GEPA23031,,fluorescent-dye,https://www.sigmaaldrich.com/US/en/product/sigma/gepa23031
Nuclear Fast Red,N8002,6409-77-4,fluorescent-dye,https://www.sigmaaldrich.com/US/en/product/sigma/n8002
Nuclear Fast Red for microscopy,60700,6409-77-4,fluorescent-dye,https://www.sigmaaldrich.com/US/en/product/sigma/60700
Nuclear Fast Red Certistain microscopy,115939,6409-77-4,fluorescent-dye,https://www.sigmaaldrich.com/US/en/product/mm/115939
Crystal violet (1% aqueous),V5265,548-62-9,fluorescent-dye,https://www.sigmaaldrich.com/US/en/product/sigma/v5265
Crystal violet ≥90% certified,C0775,548-62-9,fluorescent-dye,https://www.sigmaaldrich.com/US/en/product/sigma/c0775
Crystal violet ACS reagent,C6158,548-62-9,fluorescent-dye,https://www.sigmaaldrich.com/US/en/product/sigma/c6158
DL-Dithiothreitol (DTT) powder,D0632,3483-12-3,reducing-agent,https://www.sigmaaldrich.com/US/en/product/sial/d0632
DL-Dithiothreitol 1M solution,646563,3483-12-3,reducing-agent,https://www.sigmaaldrich.com/US/en/product/sigma/646563
DL-Dithiothreitol ≥99% RT,43819,3483-12-3,reducing-agent,https://www.sigmaaldrich.com/US/en/product/sigma/43819
Dithiothreitol for molecular biology,D9779,3483-12-3,reducing-agent,https://www.sigmaaldrich.com/US/en/product/sigma/d9779
DTT crystalline powder ≥97% (Roche),DTTRO,3483-12-3,reducing-agent,https://www.sigmaaldrich.com/US/en/product/roche/dttro
DL-Dithiothreitol for electrophoresis ≥99%,D9163,3483-12-3,reducing-agent,https://www.sigmaaldrich.com/US/en/product/sigma/d9163
DTT BioUltra molecular biology powder,43815,3483-12-3,reducing-agent,https://www.sigmaaldrich.com/US/en/product/sigma/43815
2-Mercaptoethanol Molecular Biology Grade,444203,60-24-2,reducing-agent,https://www.sigmaaldrich.com/US/en/product/mm/444203
2-Mercaptoethanol for molecular biology BioReagent,M3148,60-24-2,reducing-agent,https://www.sigmaaldrich.com/US/en/product/sigma/m3148
2-Mercaptoethanol BioUltra ≥99.0% GC,63689,60-24-2,reducing-agent,https://www.sigmaaldrich.com/US/en/product/sigma/63689
2-Mercaptoethanol,07604,60-24-2,reducing-agent,https://www.sigmaaldrich.com/US/en/product/sial/07604
2-Mercaptoethanol (Aldrich),M6250,60-24-2,reducing-agent,https://www.sigmaaldrich.com/US/en/product/aldrich/m6250
TCEP hydrochloride,C4706,51805-45-9,reducing-agent,https://www.sigmaaldrich.com/US/en/product/aldrich/c4706
TCEP Hydrochloride (Calbiochem),580560,51805-45-9,reducing-agent,https://www.sigmaaldrich.com/US/en/product/mm/580560
TCEP Hydrochloride Reagent Grade (Calbiochem),580567,51805-45-9,reducing-agent,https://www.sigmaaldrich.com/US/en/product/mm/580567
Tris(2-carboxyethyl)phosphine BioUltra ≥98% NMR,75259,51805-45-9,reducing-agent,https://www.sigmaaldrich.com/US/en/product/sigma/75259
TCEP 0.5 M pH 7.0 aqueous solution,646547,51805-45-9,reducing-agent,https://www.sigmaaldrich.com/US/en/product/sigma/646547
Paraformaldehyde 95% powder,158127,30525-89-4,fixative,https://www.sigmaaldrich.com/US/en/product/sial/158127
Paraformaldehyde reagent grade crystalline,P6148,30525-89-4,fixative,https://www.sigmaaldrich.com/US/en/product/sial/p6148
Paraformaldehyde prilled 95%,441244,30525-89-4,fixative,https://www.sigmaaldrich.com/US/en/product/aldrich/441244
Paraformaldehyde for synthesis,818715,30525-89-4,fixative,https://www.sigmaaldrich.com/US/en/product/mm/818715
Paraformaldehyde DAC 95.0-100.5%,16005,30525-89-4,fixative,https://www.sigmaaldrich.com/US/en/product/aldrich/16005
Paraformaldehyde ≥95% prilled,P1213,30525-89-4,fixative,https://www.sigmaaldrich.com/US/en/product/sigma/p1213
Formaldehyde 37 wt% ACS reagent (methanol stabilized),252549,50-00-0,fixative,https://www.sigmaaldrich.com/US/en/product/sial/252549
Formaldehyde 37 wt% in H2O,F1635,50-00-0,fixative,https://www.sigmaaldrich.com/US/en/product/sigald/f1635
Formaldehyde 37 wt% in H2O (Aldrich),F15587,50-00-0,fixative,https://www.sigmaaldrich.com/US/en/product/aldrich/f15587
Formaldehyde Molecular Biology grade 36.5-38%,F8775,50-00-0,fixative,https://www.sigmaaldrich.com/US/en/product/sigma/f8775
Formaldehyde EMSURE ACS Reag. Ph Eur,104003,50-00-0,fixative,https://www.sigmaaldrich.com/US/en/product/mm/104003
Glutaraldehyde 25% solution Grade I,G5882,111-30-8,fixative,https://www.sigmaaldrich.com/US/en/product/sial/g5882
Glutaraldehyde 25% solution Grade II,G6257,111-30-8,fixative,https://www.sigmaaldrich.com/US/en/product/sial/g6257
Glutaraldehyde 50% solution,340855,111-30-8,fixative,https://www.sigmaaldrich.com/US/en/product/sial/340855
Glutaraldehyde 25% Aqueous Solution,354400,111-30-8,fixative,https://www.sigmaaldrich.com/US/en/product/mm/354400
Glutaraldehyde 50% photographic applications,G6403,111-30-8,fixative,https://www.sigmaaldrich.com/US/en/product/sial/g6403
Glutaraldehyde 1.2% (w/v) in H2O,85191,111-30-8,fixative,https://www.sigmaaldrich.com/US/en/product/sial/85191
Sodium azide,S2002,26628-22-8,biochemical,https://www.sigmaaldrich.com/US/en/product/sial/s2002
Sodium azide BioXtra,S8032,26628-22-8,biochemical,https://www.sigmaaldrich.com/US/en/product/sial/s8032
Sodium azide BioUltra ≥99.5%,71289,26628-22-8,biochemical,https://www.sigmaaldrich.com/US/en/product/sigma/71289
Sodium azide purum p.a. ≥99.0%,71290,26628-22-8,biochemical,https://www.sigmaaldrich.com/US/en/product/aldrich/71290
Sodium azide 99.99%+ trace metals,438456,26628-22-8,biochemical,https://www.sigmaaldrich.com/US/en/product/aldrich/438456
EDTA disodium dihydrate ACS reagent,E4884,6381-92-6,buffer,https://www.sigmaaldrich.com/US/en/product/sial/e4884
EDTA disodium dihydrate Molecular Biology Grade,324503,6381-92-6,buffer,https://www.sigmaaldrich.com/US/en/product/mm/324503
EDTA disodium reagent grade,ED2SS,6381-92-6,buffer,https://www.sigmaaldrich.com/US/en/product/sial/ed2ss
EDTA disodium dihydrate USP tested,27285,6381-92-6,buffer,https://www.sigmaaldrich.com/US/en/product/sial/27285
EDTA disodium OmniPur,4010OP,6381-92-6,buffer,https://www.sigmaaldrich.com/US/en/product/mm/4010op
Ethylenediaminetetraacetic acid Sigma plant cell culture,E6635,6381-92-6,buffer,https://www.sigmaaldrich.com/US/en/product/sigma/e6635
ATP disodium hydrate BioXtra,A7699,34369-07-8,biochemical,https://www.sigmaaldrich.com/US/en/product/sigma/a7699
ATP disodium hydrate Grade I ≥99%,A2383,34369-07-8,biochemical,https://www.sigmaaldrich.com/US/en/product/sigma/a2383
ATP disodium hydrate Grade II ≥97%,A3377,34369-07-8,biochemical,https://www.sigmaaldrich.com/US/en/product/sigma/a3377
ATP disodium hydrate non-microbial BioReagent ≥99%,A6419,34369-07-8,biochemical,https://www.sigmaaldrich.com/US/en/product/sigma/a6419
ATP disodium hydrate 99-100% crystalline,A5394,34369-07-8,biochemical,https://www.sigmaaldrich.com/US/en/product/sigma/a5394
ATP disodium hydrate 99%,A26209,34369-07-8,biochemical,https://www.sigmaaldrich.com/US/en/product/aldrich/a26209
NAD free acid for biochemistry,124542,53-84-9,biochemical,https://www.sigmaaldrich.com/US/en/product/mm/124542
beta-NAD BioUltra ≥98% from yeast,N6522,53-84-9,biochemical,https://www.sigmaaldrich.com/US/en/product/sial/n6522
beta-NAD ≥99%,N1511,53-84-9,biochemical,https://www.sigmaaldrich.com/US/en/product/sial/n1511
beta-NAD ≥95% HPLC,43410,53-84-9,biochemical,https://www.sigmaaldrich.com/US/en/product/sigma/43410
beta-NAD cell culture tested ≥96.5%,N3014,53-84-9,biochemical,https://www.sigmaaldrich.com/US/en/product/sigma/n3014
beta-NAD from yeast High-Purity,N7004,53-84-9,biochemical,https://www.sigmaaldrich.com/US/en/product/sial/n7004
D-(+)-Glucose ≥99.5% GC,G8270,50-99-7,biochemical,https://www.sigmaaldrich.com/US/en/product/sigma/g8270
D-(+)-Glucose ACS reagent,G5767,50-99-7,biochemical,https://www.sigmaaldrich.com/US/en/product/sial/g5767
D-(+)-Glucose anhydrous for biochemistry,108337,50-99-7,biochemical,https://www.sigmaaldrich.com/US/en/product/mm/108337
D-Glucose BioXtra,G7528,50-99-7,biochemical,https://www.sigmaaldrich.com/US/en/product/sigma/g7528
Dextrose,D9434,50-99-7,biochemical,https://www.sigmaaldrich.com/US/en/product/sigma/d9434
D-(+)-Glucose powder BioReagent cell culture ≥99.5%,G7021,50-99-7,biochemical,https://www.sigmaaldrich.com/US/en/product/sigma/g7021
Glycerol ACS reagent ≥99.5%,G7893,56-81-5,biochemical,https://www.sigmaaldrich.com/US/en/product/sigald/g7893
Glycerol BioXtra ≥99% GC,G6279,56-81-5,biochemical,https://www.sigmaaldrich.com/US/en/product/sial/g6279
Glycerol ReagentPlus ≥99.0% GC,G7757,56-81-5,biochemical,https://www.sigmaaldrich.com/US/en/product/sigald/g7757
Glycerol BioUltra molecular biology anhydrous ≥99.5%,49767,56-81-5,biochemical,https://www.sigmaaldrich.com/US/en/product/sigma/49767
Glycerol Molecular Biology Grade,G5516,56-81-5,biochemical,https://www.sigmaaldrich.com/US/en/product/sigma/g5516
Glycerol ≥99.5%,G9012,56-81-5,biochemical,https://www.sigmaaldrich.com/US/en/product/sial/g9012
Sucrose BioXtra ≥99.5% GC,S7903,57-50-1,biochemical,https://www.sigmaaldrich.com/US/en/product/sigma/s7903
Sucrose ≥99.5%,S8501,57-50-1,biochemical,https://www.sigmaaldrich.com/US/en/product/sigma/s8501
Sucrose ACS Grade,S5016,57-50-1,biochemical,https://www.sigmaaldrich.com/US/en/product/sial/s5016
Sucrose ≥99.5% GC,S9378,57-50-1,biochemical,https://www.sigmaaldrich.com/US/en/product/sigma/s9378
Sucrose Sigma,S0389,57-50-1,biochemical,https://www.sigmaaldrich.com/US/en/product/sigma/s0389
Bovine Serum Albumin lyophilized BioReagent,A9418,9048-46-8,biochemical,https://www.sigmaaldrich.com/US/en/product/sigma/a9418
Bovine Serum Albumin BSA,A2153,9048-46-8,biochemical,https://www.sigmaaldrich.com/US/en/product/sigma/a2153
Bovine Serum Albumin lyophilized powder,05470,9048-46-8,biochemical,https://www.sigmaaldrich.com/US/en/product/sigma/05470
BSA heat shock fraction protease free globulin free,A3059,9048-46-8,biochemical,https://www.sigmaaldrich.com/US/en/product/sigma/a3059
BSA heat shock fraction protease free,A3294,9048-46-8,biochemical,https://www.sigmaaldrich.com/US/en/product/sigma/a3294
BSA lyophilized essentially globulin free BioReagent,A4161,9048-46-8,biochemical,https://www.sigmaaldrich.com/US/en/product/sigma/a4161
BSA fatty acid free globulin free,A7030,9048-46-8,biochemical,https://www.sigmaaldrich.com/US/en/product/sigma/a7030
BSA 30% solution sodium chloride aseptically filled,A1662,9048-46-8,biochemical,https://www.sigmaaldrich.com/US/en/product/sial/a1662
Urea BioReagent for molecular biology,U5378,57-13-6,biochemical,https://www.sigmaaldrich.com/US/en/product/sigma/u5378
Urea BioUltra molecular biology 99% (T),51456,57-13-6,biochemical,https://www.sigmaaldrich.com/US/en/product/sigma/51456
Urea Molecular Biology Grade (Calbiochem),666122M,57-13-6,biochemical,https://www.sigmaaldrich.com/US/en/product/mm/666122m
Urea ACS reagent 99.0-100.5%,U5128,57-13-6,biochemical,https://www.sigmaaldrich.com/US/en/product/sial/u5128
Urea for biochemistry,108488,57-13-6,biochemical,https://www.sigmaaldrich.com/US/en/product/mm/108488
Urea OmniPur,9510OP,57-13-6,biochemical,https://www.sigmaaldrich.com/US/en/product/mm/9510op
Guanidine hydrochloride High-Purity,G4505,50-01-1,biochemical,https://www.sigmaaldrich.com/US/en/product/sigma/g4505
Guanidine hydrochloride Ultrol Grade,369075,50-01-1,biochemical,https://www.sigmaaldrich.com/US/en/product/mm/369075
Guanidine hydrochloride Molecular Biology,G3272,50-01-1,biochemical,https://www.sigmaaldrich.com/US/en/product/sigma/g3272
Guanidine hydrochloride OmniPur,5010OP,50-01-1,biochemical,https://www.sigmaaldrich.com/US/en/product/mm/5010op
Guanidinium chloride LAB,104220,50-01-1,biochemical,https://www.sigmaaldrich.com/US/en/product/mm/104220
Guanidinium chloride for biochemistry,104219,50-01-1,biochemical,https://www.sigmaaldrich.com/US/en/product/mm/104219
Ampicillin sodium BioReagent,A0166,69-52-3,antibiotic,https://www.sigmaaldrich.com/US/en/product/sigma/a0166
Ampicillin sodium High-Purity,A9518,69-52-3,antibiotic,https://www.sigmaaldrich.com/US/en/product/sial/a9518
Ampicillin sodium salt (Calbiochem),171254,69-52-3,antibiotic,https://www.sigmaaldrich.com/US/en/product/mm/171254
Ampicillin BioXtra cell culture,A8351,69-52-3,antibiotic,https://www.sigmaaldrich.com/US/en/product/sigma/a8351
Ampicillin sodium tissue culture grade sterile,171255M,69-52-3,antibiotic,https://www.sigmaaldrich.com/US/en/product/mm/171255m
Kanamycin sulfate from S. kanamyceticus,K4000,25389-94-0,antibiotic,https://www.sigmaaldrich.com/US/en/product/sial/k4000
Kanamycin BioReagent powder cell culture,K1377,25389-94-0,antibiotic,https://www.sigmaaldrich.com/US/en/product/sigma/k1377
Kanamycin sulfate K1637,K1637,25389-94-0,antibiotic,https://www.sigmaaldrich.com/US/en/product/sial/k1637
Kanamycin sulfate gamma-irradiated,K0879,25389-94-0,antibiotic,https://www.sigmaaldrich.com/US/en/product/sigma/k0879
Kanamycin Animal Component-free,E004000,25389-94-0,antibiotic,https://www.sigmaaldrich.com/US/en/product/sial/e004000
Tetracycline hydrochloride BioReagent,T7660,64-75-5,antibiotic,https://www.sigmaaldrich.com/US/en/product/sigma/t7660
Tetracycline hydrochloride ≥96.0% HPLC,87130,64-75-5,antibiotic,https://www.sigmaaldrich.com/US/en/product/sial/87130
Tetracycline hydrochloride 95%,250163,64-75-5,antibiotic,https://www.sigmaaldrich.com/US/en/product/aldrich/250163
Tetracycline meets USP testing specifications,T4062,64-75-5,antibiotic,https://www.sigmaaldrich.com/US/en/product/sial/t4062
Puromycin BioReagent cell culture,P8833,58-58-2,antibiotic,https://www.sigmaaldrich.com/US/en/product/sigma/p8833
Puromycin Dihydrochloride Cell Culture-Tested,540411,58-58-2,antibiotic,https://www.sigmaaldrich.com/US/en/product/mm/540411
Puromycin Dihydrochloride (Calbiochem),540222,58-58-2,antibiotic,https://www.sigmaaldrich.com/US/en/product/mm/540222
Puromycin ≥98% HPLC powder,P7255,58-58-2,antibiotic,https://www.sigmaaldrich.com/US/en/product/sigma/p7255
Puromycin dihydrochloride hydrate 98%,856339,58-58-2,antibiotic,https://www.sigmaaldrich.com/US/en/product/aldrich/856339
Chloramphenicol ≥98% HPLC,C0378,56-75-7,antibiotic,https://www.sigmaaldrich.com/US/en/product/sigma/c0378
Chloramphenicol crystalline (Calbiochem),220551,56-75-7,antibiotic,https://www.sigmaaldrich.com/US/en/product/mm/220551
Chloramphenicol gamma-irradiated,C7795,56-75-7,antibiotic,https://www.sigmaaldrich.com/US/en/product/sigma/c7795
Chloramphenicol meets USP testing,C0857,56-75-7,antibiotic,https://www.sigmaaldrich.com/US/en/product/sigma/c0857
G418 sulfate solution 50 mg/mL,G8168,108321-42-2,antibiotic,https://www.sigmaaldrich.com/US/en/product/sigma/g8168
G418 disulfate salt Antibiotic,A1720,108321-42-2,antibiotic,https://www.sigmaaldrich.com/US/en/product/sigma/a1720
G418 Sulfate Cell Culture Tested,345810,108321-42-2,antibiotic,https://www.sigmaaldrich.com/US/en/product/mm/345810
G-418 Solution suitable for transfection,G418RO,108321-42-2,antibiotic,https://www.sigmaaldrich.com/US/en/product/roche/g418ro
Blasticidin S,15205,3513-03-9,antibiotic,https://www.sigmaaldrich.com/US/en/product/sigma/15205
Blasticidin S Hydrochloride (Calbiochem),203350,3513-03-9,antibiotic,https://www.sigmaaldrich.com/US/en/product/mm/203350
Blasticidin S Hydrochloride sterile-filtered solution,203351M,3513-03-9,antibiotic,https://www.sigmaaldrich.com/US/en/product/mm/203351m
Hygromycin B plant cell culture lyophilized,H9773,31282-04-9,antibiotic,https://www.sigmaaldrich.com/US/en/product/sigma/h9773
Hygromycin B 45-60 mg/mL solution,H0654,31282-04-9,antibiotic,https://www.sigmaaldrich.com/US/en/product/sigma/h0654
Hygromycin B mammalian/insect cell culture powder,H3274,31282-04-9,antibiotic,https://www.sigmaaldrich.com/US/en/product/sigma/h3274
Hygromycin B 50 mg/mL water,SBR00039,31282-04-9,antibiotic,https://www.sigmaaldrich.com/US/en/product/sigma/sbr00039
Hygromycin B lyophilized powder,H7772,31282-04-9,antibiotic,https://www.sigmaaldrich.com/US/en/product/sigma/h7772
Hygromycin B gamma-irradiated solution,H5527,31282-04-9,antibiotic,https://www.sigmaaldrich.com/US/en/product/sigma/h5527
Gentamicin sulfate G3632,G3632,1405-41-0,antibiotic,https://www.sigmaaldrich.com/US/en/product/sial/g3632
Gentamicin powder BioReagent cell culture,G1264,1405-41-0,antibiotic,https://www.sigmaaldrich.com/US/en/product/sigma/g1264
Gentamicin USP specifications powder,G1914,1405-41-0,antibiotic,https://www.sigmaaldrich.com/US/en/product/sial/g1914
Gentamicin EP USP specifications,G4918,1405-41-0,antibiotic,https://www.sigmaaldrich.com/US/en/product/sigma/g4918
Streptomycin powder BioReagent cell culture,S9137,3810-74-0,antibiotic,https://www.sigmaaldrich.com/US/en/product/sigma/s9137
Streptomycin sulfate powder,S6501,3810-74-0,antibiotic,https://www.sigmaaldrich.com/US/en/product/sial/s6501
Streptomycin Sulfate from Streptomyces (Calbiochem),5711,3810-74-0,antibiotic,https://www.sigmaaldrich.com/US/en/product/mm/5711
Penicillin G activity ~1650 units/mg,PENNA,69-57-8,antibiotic,https://www.sigmaaldrich.com/US/en/product/sigma/penna
Penicillin G powder BioReagent cell culture,P3032,69-57-8,antibiotic,https://www.sigmaaldrich.com/US/en/product/sigma/p3032
Penicillin G sodium salt plant cell culture,P8431,69-57-8,antibiotic,https://www.sigmaaldrich.com/US/en/product/sigma/p8431
Trichloroacetic acid ACS reagent ≥99.0%,T6399,76-03-9,biochemical,https://www.sigmaaldrich.com/US/en/product/sial/t6399
Trichloroacetic acid solution 6.1 N,T0699,76-03-9,biochemical,https://www.sigmaaldrich.com/US/en/product/sigma/t0699
Trichloroacetic acid BioUltra ≥99.5%,91228,76-03-9,biochemical,https://www.sigmaaldrich.com/US/en/product/sigma/91228
Trichloroacetic acid BioXtra ≥99.0%,T9159,76-03-9,biochemical,https://www.sigmaaldrich.com/US/en/product/sial/t9159
Trichloroacetic acid ACS for Heilmeyer ≥99.5%,91230,76-03-9,biochemical,https://www.sigmaaldrich.com/US/en/product/sial/91230
Agarose Wide range for molecular biology,A2790,9012-36-6,biochemical,https://www.sigmaaldrich.com/US/en/product/sial/a2790
Agarose BioReagent low EEO,A9539,9012-36-6,biochemical,https://www.sigmaaldrich.com/US/en/product/sigma/a9539
Agarose High resolution,A4718,9012-36-6,biochemical,https://www.sigmaaldrich.com/US/en/product/sial/a4718
Agarose low gelling temperature molecular biology,05073,9012-36-6,biochemical,https://www.sigmaaldrich.com/US/en/product/sigma/05073
Agarose Ultra-low Gelling Temperature,A2576,9012-36-6,biochemical,https://www.sigmaaldrich.com/US/en/product/sial/a2576
Agarose Type I Molecular Biology,121853,9012-36-6,biochemical,https://www.sigmaaldrich.com/US/en/product/mm/121853
Polyethylene glycol 8000 powder,P2139,25322-68-3,biochemical,https://www.sigmaaldrich.com/US/en/product/aldrich/p2139
Polyethylene glycol 8000 BioUltra,89510,25322-68-3,biochemical,https://www.sigmaaldrich.com/US/en/product/sigma/89510
Polyethylene glycol 8000 for molecular biology,P5413,25322-68-3,biochemical,https://www.sigmaaldrich.com/US/en/product/sial/p5413
Polyethylene glycol 8000 OmniPur,6510OP,25322-68-3,biochemical,https://www.sigmaaldrich.com/US/en/product/mm/6510op
PEG 8000 solution 40% (w/w) in H2O,P1458,25322-68-3,biochemical,https://www.sigmaaldrich.com/US/en/product/sial/p1458
IPTG ≥99% TLC,I5502,367-93-1,biochemical,https://www.sigmaaldrich.com/US/en/product/sial/i5502
IPTG (Roche),IPTGRO,367-93-1,biochemical,https://www.sigmaaldrich.com/US/en/product/roche/iptgro
IPTG ReadyMade solution for blue-white screening,I1284,367-93-1,biochemical,https://www.sigmaaldrich.com/US/en/product/sigma/i1284
IPTG OmniPur,5800OP,367-93-1,biochemical,https://www.sigmaaldrich.com/US/en/product/mm/5800op
IPTG Dioxane-Free High Purity,420322,367-93-1,biochemical,https://www.sigmaaldrich.com/US/en/product/mm/420322
Acetic acid glacial ReagentPlus ≥99%,A6283,64-19-7,solvent,https://www.sigmaaldrich.com/US/en/product/sigald/a6283
Acetic acid glacial ACS reagent ≥99.7%,695092,64-19-7,solvent,https://www.sigmaaldrich.com/US/en/product/sigald/695092
Acetic acid glacial trace metals 99.99%,338826,64-19-7,solvent,https://www.sigmaaldrich.com/US/en/product/sigald/338826
Acetic acid glacial puriss 99-100%,27221,64-19-7,solvent,https://www.sigmaaldrich.com/US/en/product/sigald/27221
Hydrochloric acid ACS reagent 37%,320331,7647-01-0,solvent,https://www.sigmaaldrich.com/US/en/product/sigald/320331
Hydrochloric acid reagent grade 37%,435570,7647-01-0,solvent,https://www.sigmaaldrich.com/US/en/product/sial/435570
Hydrochloric acid 37% trace metals 99.999%,339253,7647-01-0,solvent,https://www.sigmaaldrich.com/US/en/product/sigald/339253
Hydrochloric acid fuming 37% EMSURE max 0.001 ppm Hg,113386,7647-01-0,solvent,https://www.sigmaaldrich.com/US/en/product/mm/113386
Hydrochloric acid fuming 37% EMSURE ACS,100317,7647-01-0,solvent,https://www.sigmaaldrich.com/US/en/product/mm/100317
Hydrochloric acid 37% trace analysis,17018,7647-01-0,solvent,https://www.sigmaaldrich.com/US/en/product/sial/17018
Nitric acid ACS reagent 70%,438073,7697-37-2,solvent,https://www.sigmaaldrich.com/US/en/product/sigald/438073
Nitric acid ACS reagent ≥90.0%,695041,7697-37-2,solvent,https://www.sigmaaldrich.com/US/en/product/sial/695041
Nitric acid 70% redistilled trace metals 99.999%,225711,7697-37-2,solvent,https://www.sigmaaldrich.com/US/en/product/aldrich/225711
Nitric acid 69% EMSURE ACS Reag. Ph Eur,101799,7697-37-2,solvent,https://www.sigmaaldrich.com/US/en/product/mm/101799
Nitric acid red fuming HNO3 90%,309079,7697-37-2,solvent,https://www.sigmaaldrich.com/US/en/product/sigald/309079
Sulfuric acid 99.999%,339741,7664-93-9,solvent,https://www.sigmaaldrich.com/US/en/product/aldrich/339741
Sulfuric acid ACS reagent 95.0-98.0%,258105,7664-93-9,solvent,https://www.sigmaaldrich.com/US/en/product/sigald/258105
Sulfuric acid 96% Ultrapur,101516,7664-93-9,solvent,https://www.sigmaaldrich.com/US/en/product/mm/101516
Sulfuric acid 98% EMSURE,112080,7664-93-9,solvent,https://www.sigmaaldrich.com/US/en/product/mm/112080
Sulfuric acid 95-97% EMSURE ISO,100731,7664-93-9,solvent,https://www.sigmaaldrich.com/US/en/product/mm/100731
PMSF (Phenylmethanesulfonyl fluoride) ≥98.5% GC,P7626,329-98-6,biochemical,https://www.sigmaaldrich.com/US/en/product/sigma/p7626
PMSF (Calbiochem),52332,329-98-6,biochemical,https://www.sigmaaldrich.com/US/en/product/mm/52332
PMSF Roche,PMSFRO,329-98-6,biochemical,https://www.sigmaaldrich.com/US/en/product/roche/pmsfro
PMSF OmniPur,7110OP,329-98-6,biochemical,https://www.sigmaaldrich.com/US/en/product/mm/7110op
Phenylmethanesulfonyl fluoride 0.1 M ethanol,93482,329-98-6,biochemical,https://www.sigmaaldrich.com/US/en/product/sigma/93482
Phenylmethanesulfonyl fluoride ≥99.0% T,78830,329-98-6,biochemical,https://www.sigmaaldrich.com/US/en/product/sigma/78830
L-Glutamine cell culture,G5792,56-85-9,biochemical,https://www.sigmaaldrich.com/US/en/product/sigma/g5792
L-Glutamine ReagentPlus,G3126,56-85-9,biochemical,https://www.sigmaaldrich.com/US/en/product/sigma/g3126
L-Glutamine gamma-irradiated BioXtra cell culture,G6392,56-85-9,biochemical,https://www.sigmaaldrich.com/US/en/product/sigma/g6392
L-Glutamine 200 mM solution sterile-filtered BioXtra,G7513,56-85-9,biochemical,https://www.sigmaaldrich.com/US/en/product/sigma/g7513
L-Glutamine 200 mM Hybri-Max sterile-filtered,G2150,56-85-9,biochemical,https://www.sigmaaldrich.com/US/en/product/sigma/g2150
L-Glutamine,G8540,56-85-9,biochemical,https://www.sigmaaldrich.com/US/en/product/sigma/g8540
D-(+)-Trehalose dihydrate T9531,T9531,6138-23-4,biochemical,https://www.sigmaaldrich.com/US/en/product/sigma/t9531
D-(+)-Trehalose from S. cerevisiae BioReagent ≥99%,T0167,6138-23-4,biochemical,https://www.sigmaaldrich.com/US/en/product/sigma/t0167
D-(+)-Trehalose dihydrate T5251,T5251,6138-23-4,biochemical,https://www.sigmaaldrich.com/US/en/product/sigma/t5251
D-(+)-Trehalose from starch ≥99%,T9449,6138-23-4,biochemical,https://www.sigmaaldrich.com/US/en/product/sigma/t9449
D-(+)-Trehalose for microbiology ≥99.0%,90210,6138-23-4,biochemical,https://www.sigmaaldrich.com/US/en/product/sial/90210
Trehalose dihydrate EMPROVE EXPERT,102776,6138-23-4,biochemical,https://www.sigmaaldrich.com/US/en/product/mm/102776
D-Mannitol BioXtra ≥98% HPLC,M9546,69-65-8,biochemical,https://www.sigmaaldrich.com/US/en/product/sial/m9546
D-Mannitol ≥98%,M4125,69-65-8,biochemical,https://www.sigmaaldrich.com/US/en/product/sial/m4125
D-Mannitol ACS reagent,M9647,69-65-8,biochemical,https://www.sigmaaldrich.com/US/en/product/sial/m9647
L-Ascorbic acid reagent grade,A0278,50-81-7,biochemical,https://www.sigmaaldrich.com/US/en/product/sigma/a0278
L-Ascorbic acid BioXtra ≥99.0% crystalline,A5960,50-81-7,biochemical,https://www.sigmaaldrich.com/US/en/product/sigma/a5960
L-Ascorbic acid ACS reagent ≥99%,255564,50-81-7,biochemical,https://www.sigmaaldrich.com/US/en/product/sial/255564
L-Ascorbic acid BioUltra ≥99.5%,95209,50-81-7,biochemical,https://www.sigmaaldrich.com/US/en/product/sigma/95209
L-Ascorbic acid cell culture ≥98%,A4544,50-81-7,biochemical,https://www.sigmaaldrich.com/US/en/product/sigma/a4544
Hexadimethrine bromide (Polybrene) ≥94% titration,H9268,28728-55-4,biochemical,https://www.sigmaaldrich.com/US/en/product/sigma/h9268
Hexadimethrine bromide ≥95%,107689,28728-55-4,biochemical,https://www.sigmaaldrich.com/US/en/product/sigma/107689
Hexadimethrine bromide protein sequence ≥94%,52495,28728-55-4,biochemical,https://www.sigmaaldrich.com/US/en/product/sial/52495
