pmcid,journal,year,category,reagent_name,source,identifier,additional_info,parser_warnings
PMC13103949,Cell Reports,2026,Antibodies,H3K4me3 (CUT&Tag),Active Motif,cat# 39159; RRID:AB 2615077,,
PMC13103949,Cell Reports,2026,Antibodies,H3K4me1 (CUT&Tag),EpiCypher,cat#13–0057; RRID:AB_3076424,,
PMC13103949,Cell Reports,2026,Antibodies,H3K9me3 (CUT&Tag),Invitrogen,cat#720093; RRID:AB_2532803,,
PMC13103949,Cell Reports,2026,Antibodies,H3K9me1 (CUT&Tag),Thermo Fisher,"cat# MA5-33385, RRID:AB_2815523)",,
PMC13103949,Cell Reports,2026,Antibodies,H3K27me3 (CUT&Tag),EpiCypher,cat#13–0055; RRID:AB_3665059,,
PMC13103949,Cell Reports,2026,Antibodies,H3K27ac (CUT&Tag),EpiCypher,cat#13–0059; RRID:AB_3712075,,
PMC13103949,Cell Reports,2026,Antibodies,Rabbit IgG negative control antibody (CUT&Tag),EpiCypher,cat#13–0042; RRID:AB_2923178,,
PMC13103949,Cell Reports,2026,Antibodies,LIN28B (Western Blot; monoclonal rabbit; 1:1000 dilution; Immunohistochemistry; 1:400 dilution),Cell Signaling Technology,cat#4196S; RRID:AB_2135047,,
PMC13103949,Cell Reports,2026,Antibodies,N-MYC ((D1V2A) Western Blot; monoclonal rabbit; 1:1000 dilution),Cell Signaling Technology,cat#84406S; RRID:AB_2800038,,
PMC13103949,Cell Reports,2026,Antibodies,ABCB1 (Western Blot; monoclonal rabbit; 1:1000 dilution),Cell Signaling Technology,cat#12683S; RRID:AB_2715689,,
PMC13103949,Cell Reports,2026,Antibodies,ABCB1 (Western Blot; monoclonal rabbit; 1:1000 dilution),Abcam,"cat# ab170904, RRID:AB_2687930",,
PMC13103949,Cell Reports,2026,Antibodies,Beta-actin (Western Blot; monoclonal; HRP-conjugate; 1:4000 dilution),Invitrogen,ca#MA5-15739-HRP; RRID:AB_2537667,,
PMC13103949,Cell Reports,2026,Antibodies,CITED1 (Western Blot; monoclonal mouse; 1:1000 dilution),Abnova,cat#H00004435-M03; RRID:AB_920997,,
PMC13103949,Cell Reports,2026,Antibodies,SIX2 (Western Blot; monoclonal rabbit; 1:1000 dilution),Proteintech,"cat# 11562-1-AP, RRID:AB_2189084",,
PMC13103949,Cell Reports,2026,Antibodies,E-cadherin (Western Blot; monoclonal mouse; 1:1000 dilution),Cell Signaling Technology,"cat# 14472, RRID:AB_2728770",,
PMC13103949,Cell Reports,2026,Antibodies,EYA1 (Western Blot; polyclonal rabbit; 1:1000 dilution),Proteintech,"cat# 22658-1-AP, RRID:AB_2879145",,
PMC13103949,Cell Reports,2026,Antibodies,WT1 (Western Blot; monoclonal rabbit; 1:1000 dilution),Abcam,"cat# ab89901, RRID:AB_2043201",,
PMC13103949,Cell Reports,2026,Antibodies,Fibronectin (Western Blot; monoclonal rabbit; 1:1000 dilution),Cell Signaling Technology,"cat# 26836, RRID:AB_2924220",,
PMC13103949,Cell Reports,2026,Antibodies,COL1A1 (Western Blot; monoclonal rabbit; 1:1000 dilution),Cell Signaling Technology,"cat# 72026, RRID:AB_2904565",,
PMC13103949,Cell Reports,2026,Antibodies,Vimentin (Western Blot; monoclonal rabbit; 1:1000 dilution),Cell Signaling Technology,"cat# 5741, RRID:AB_10695459",,
PMC13103949,Cell Reports,2026,Antibodies,CDH6 (Western Blot; monoclonal rabbit; 1:1000 dilution),Cell Signaling Technology,"cat# 48111, RRID:AB_2799334",,
PMC13103949,Cell Reports,2026,Antibodies,NPHS2 (Western Blot; monoclonal rabbit; 1:1000 dilution),Abcam,"cat# ab181143, RRID:AB_2864310",,
PMC13103949,Cell Reports,2026,Antibodies,GAPDH (Western Blot; monoclonal; HRP- conjugate; 1:4000 dilution),Cell Signaling Technology,"cat# 3683, RRID:AB_1642205",,
PMC13103949,Cell Reports,2026,Antibodies,"Pan-cytokeratin (Western blot, monoclonal mouse; 1:1000 dilution)",Abcam,"Abcam Cat# ab6401, RRID:AB_305450",,
PMC13103949,Cell Reports,2026,Antibodies,"IGFBP5 (Western blot,",Thermo Fisher,"cat# PA5-37369, RRID:AB_2554033)",,
PMC13103949,Cell Reports,2026,Antibodies,"WIF1 (Western blot, monoclonal rabbit, 1:1000 dilution)",Abcam,"cat# ab155101, RRID:AB_3105780",,
PMC13103949,Cell Reports,2026,Antibodies,"CMYC (Western blot, monoclonal rabbit; 1:1000 dilution)",Cell Signaling Technology,"cat# 5605, RRID:AB_1903938",,
PMC13103949,Cell Reports,2026,Antibodies,Horseradish peroxidase-conjugated anti-rabbit (1:5000 dilution; secondary antibody),Thermo Fisher,cat#A24537; RRID:AB_2536005,,
PMC13103949,Cell Reports,2026,Antibodies,Horseradish peroxidase-conjugated anti-mouse (1:5000 dilution; secondary antibody),Thermo Fisher,cat#A24518; RRID:AB_2535987,,
PMC13103949,Cell Reports,2026,Antibodies,ABCB1 (Immunohistochemistry; 1:100 dilution),Cell Signaling Technology,cat#13978; RRID:AB_2798357,,
PMC13103949,Cell Reports,2026,Antibodies,Human Nuclear Mitotic Apparatus (NuMA) (Immunohistochemistry; polyclonal; 1:75 dilution),Lifespan Biosciences,cat#LS-B11047; RRID:AB_2889921,,
PMC13103949,Cell Reports,2026,Antibodies,hCD56 Brilliant Violet 605 (Flow cytometry; Clone HCD56),BioLegend,Cat# 318333; RRID:AB_11142683,,
PMC13103949,Cell Reports,2026,Antibodies,hCD45 Brilliant Violet 421 (Flow cytometry; Clone HI30),BD Biosciences,Cat# 563890; RRID:AB_2651151,,
PMC13103949,Cell Reports,2026,Antibodies,hCD73 PE-Cy7 (Flow cytometry; Clone AD2),BioLegend,Cat# 344005; RRID:AB_1877158,,
PMC13103949,Cell Reports,2026,Antibodies,hEp-CAM BV711 (Flow cytometry; Clone 9C4),BioLegend,Cat# 324239; RRID:AB_2734306),,
PMC13103949,Cell Reports,2026,Antibodies,hCD133 PE (Flow cytometry; Clone TMP4),Thermo Fisher,Cat# 61-1338-42; RRID:AB_2662113),,
PMC13103949,Cell Reports,2026,Antibodies,hCD243 PerCP-eFluor 710 (Flow cytometry; Clone UIC2),Thermo Fisher,Cat# 46-2439-42; RRID:AB_10853825),,
PMC13103949,Cell Reports,2026,Antibodies,GPC3 FITC (Flow cytometry; Clone 024),Thermo Fisher,Cat# MA5-40987; RRID:AB_2898748,,
PMC13103949,Cell Reports,2026,Antibodies,E-Cadherin APC-Fire 750 (Flow cytometry; Clone DECMA-1),BioLegend,Cat# 147313; RRID:AB_2750301,,
PMC13103949,Cell Reports,2026,Antibodies,hCD105 Brilliant Ultra Violet 661 (Flow cytometry; Clone SN6),Thermo Fisher,Cat# 376-1057-41; RRID:AB_3074041),,
PMC13103949,Cell Reports,2026,Antibodies,hCD90 Brilliant Violet 510 (Flow cytometry; Clone 5E10),BioLegend,Cat# 417-0909-42; RRID:AB_2925734),,
PMC13103949,Cell Reports,2026,Antibodies,mCD90 AF700 (Flow cytometry; Clone 30-H12),BioLegend,Cat# 105319; RRID:AB_493724,,
PMC13103949,Cell Reports,2026,Bacterial and Virus Strains,One Shot Stbl3 Chemically Competent E. coli,Thermo Fisher,C737303,,
PMC13103949,Cell Reports,2026,Biological Samples,KT-47 pretreatment Wilms tumor patient-derived xenograft,Current publication,N/A,,
PMC13103949,Cell Reports,2026,Biological Samples,KT-47 pre-resistance Wilms tumor patient-derived xenograft,Current publication,N/A,,
PMC13103949,Cell Reports,2026,Biological Samples,KT-47 resistance 1 Wilms tumor patient-derived xenograft,Current publication,N/A,,
PMC13103949,Cell Reports,2026,Biological Samples,KT-47 resistance 2 Wilms tumor patient-derived xenograft,Current publication,N/A,,
PMC13103949,Cell Reports,2026,Biological Samples,KT-33 Wilms tumor patient-derived xenograft,Current publication,N/A,,
PMC13103949,Cell Reports,2026,"Chemicals, Peptides, and Recombinant Proteins",Actinomycin-D ( in vivo assays),Baxter Oncology,N/A,,
PMC13103949,Cell Reports,2026,"Chemicals, Peptides, and Recombinant Proteins",Vincristine ( in vivo assays),Hospira,N/A,,
PMC13103949,Cell Reports,2026,"Chemicals, Peptides, and Recombinant Proteins",Doxorubicin ( in vivo assays),Pfizer,N/A,,
PMC13103949,Cell Reports,2026,"Chemicals, Peptides, and Recombinant Proteins",Actinomycin-D ( in vitro assays),Cayman,Cat#11421,,
PMC13103949,Cell Reports,2026,"Chemicals, Peptides, and Recombinant Proteins",Vincristine ( in vitro assays),MedChemExpress,HY-N0488,,
PMC13103949,Cell Reports,2026,"Chemicals, Peptides, and Recombinant Proteins",Doxorubicin ( in vitro assays),Cayman,Cat#15007,,
PMC13103949,Cell Reports,2026,"Chemicals, Peptides, and Recombinant Proteins",Verapamil ( in vitro assays),MedChemExpress,HY-A0064,,
PMC13103949,Cell Reports,2026,"Chemicals, Peptides, and Recombinant Proteins",Tariquidar ( in vitro assays),MedChemExpress,HY-10550,,
PMC13103949,Cell Reports,2026,Critical Commercial Assays,QIAamp DNA mini kit,Qiagen,cat#51304,,
PMC13103949,Cell Reports,2026,Critical Commercial Assays,PowerPlex Fusion short tandem repeat assay,Promega,part #DC2402,,
PMC13103949,Cell Reports,2026,Critical Commercial Assays,RNeasy mini plus kit,Qiagen,cat#74134,,
PMC13103949,Cell Reports,2026,Critical Commercial Assays,Quant-iT RiboGreen RNA assay,Thermo Fisher,cat#R11490,,
PMC13103949,Cell Reports,2026,Critical Commercial Assays,2100 Bioanalyzer RNA 6000 Nano assay,Agilent,part#5067-1511,,
PMC13103949,Cell Reports,2026,Critical Commercial Assays,4200 TapeStation High Sensitivity RNA ScreenTape assay,Agilent,part#G2992AA,,
PMC13103949,Cell Reports,2026,Critical Commercial Assays,TruSeq Stranded mRNA Library Prep Kit,Illumina,PN 20020595,,
PMC13103949,Cell Reports,2026,Critical Commercial Assays,5300 Fragment Analyzer NGS fragment kit,Agilent,part#M5311AA,,
PMC13103949,Cell Reports,2026,Critical Commercial Assays,Quant-iT PicoGreen dsDNA assay,Thermo Fisher,cat#P11496,,
PMC13103949,Cell Reports,2026,Critical Commercial Assays,MiSeq nano kit,Illumina,cat#MS-102-2003,,
PMC13103949,Cell Reports,2026,Critical Commercial Assays,Qiagen DNeasy blood and tissue kit,Qiagen,cat#69504,,
PMC13103949,Cell Reports,2026,Critical Commercial Assays,TruSeq DNA Exome protocol,Illumina,P/ N 20020615,,
PMC13103949,Cell Reports,2026,Critical Commercial Assays,Chromium Single Cell Multiome Assay for Transposase Accessible Chromatin (ATAC) and Gene Expression,10X Genomics,–,,
PMC13103949,Cell Reports,2026,Critical Commercial Assays,Chromium nuclei isolation kit,10X Genomics,cat#1000494,,
PMC13103949,Cell Reports,2026,Critical Commercial Assays,CUTANA CUT&TAG assay kit,EpiCypher,cat#14-11-2,,
PMC13103949,Cell Reports,2026,Critical Commercial Assays,EpiTect Hi-C kit,Qiagen,cat#59971,,
PMC13103949,Cell Reports,2026,Critical Commercial Assays,HyperPrep Library Preparation Kit,Roche,PN 07962363001,,
PMC13103949,Cell Reports,2026,Critical Commercial Assays,SALSA P380 Wilms’ tumor MLPA kit,MRC Holland,item#P380-025R,,
PMC13103949,Cell Reports,2026,Critical Commercial Assays,SALSA ME030 BWS/RSS MS-MLPA kit,MRC Holland,item#ME030-025R,,
PMC13103949,Cell Reports,2026,Critical Commercial Assays,CellTiter-Glo assay,Promega,cat#G7570,,
PMC13103949,Cell Reports,2026,Critical Commercial Assays,CellTiter-Glo 3D assay,Promega,cat#G9681,,
PMC13103949,Cell Reports,2026,Critical Commercial Assays,Prestoblue assay,Invitrogen,cat#A13262,,
PMC13103949,Cell Reports,2026,Deposited Data,Methylation array (EPIC Methylation beadchip) – current publication,GEO Database Superseries GSE298483,GSE298463,,
PMC13103949,Cell Reports,2026,Deposited Data,RNA-seq – current publication,GEO Database Superseries GSE298483,GSE298478,,
PMC13103949,Cell Reports,2026,Deposited Data,CUT&Tag – current publication,GEO Database Superseries GSE298483,GSE298479,,
PMC13103949,Cell Reports,2026,Deposited Data,HiC – current publication,GEO Database Superseries GSE298483,GSE298482,,
PMC13103949,Cell Reports,2026,Deposited Data,Proteomics – current publication,MassIVE Repository ProteomeXchange,PXD074101,,
PMC13103949,Cell Reports,2026,Deposited Data,“Gene expression data from Wilms tumor samples” – publicly accessible,GEO Database – GSE53224 Wegert et al. 10,GSE53224 https://www.ncbi.nlm.nih.govgeo/query/acc.cgi?acc=GSE53224/,,
PMC13103949,Cell Reports,2026,Deposited Data,Wilms Tumor NCI TARGET Data,R2 Genomics Analysis and Visualization Platform R2 Internal Gadd et al. 14 ;Cerami et al. 38 ; Gao et al. 39 ; de Brujin et al. 40,https://hgserver1.amc.nl/cgi-bin/r2/main.cgi Identifier: ps_avgpres_targetwt124_target1,,
PMC13103949,Cell Reports,2026,Deposited Data,Wilms Tumor NCI TARGET Data,"CBioPortal for Cancer Genomics: Gadd et al. 14 ; Koster, J. 41","https://www.cbioportal.org/ Identifier: “Pediatric Wilms’ Tumor (TARGET, 2018)”",,
PMC13103949,Cell Reports,2026,Experimental Models: Cell Lines,HEK293,ATCC,CRL-1573; RRID:CVCL_0045,,
PMC13103949,Cell Reports,2026,Experimental Models: Cell Lines,WiT49,Laboratory of Dr. Herman Yeger,RRID:CVCL_0583,,
PMC13103949,Cell Reports,2026,Experimental Models: Cell Lines,KT-47 pretreatment (adherent cells and spheroids in short-term culture),Current publication,–,,
PMC13103949,Cell Reports,2026,Experimental Models: Cell Lines,KT-47R pretreatment (adherent cells and spheroids in short-term culture),Current publication,–,,
PMC13103949,Cell Reports,2026,Experimental Models: Organisms/Strains,C.B-17 scid (C.B- Igh-1 b /IcrTac- Prkdc scid ) mice,Taconic Biosciences,"cat#CB17SC-M, CB17SC-F",,
PMC13103949,Cell Reports,2026,Recombinant DNA,pGenLenti-LIN28B_puro ORF (overexpression plasmid),Genscript,N/A,,
PMC13103949,Cell Reports,2026,Recombinant DNA,pGenLenti-ABCB1 ORF_puro ORF (overexpression plasmid),Genscript,N/A,,
PMC13103949,Cell Reports,2026,Recombinant DNA,pGenLenti-MYCN ORF_puro ORF (overexpression plasmid),Genscript,N/A,,
PMC13103949,Cell Reports,2026,Recombinant DNA,pGenLenti-eGFP_puro (control plasmid),Genscript,N/A,,
PMC13103949,Cell Reports,2026,Recombinant DNA,pGenLenti-LIN28_blast ORF (overexpression plasmid),Genscript,N/A,,
PMC13103949,Cell Reports,2026,Software and Algorithms,Genemapper software,Thermo Fisher,https://www.thermofisher.com/order/catalog/product/4475073,,
PMC13103949,Cell Reports,2026,Software and Algorithms,CellSens Standard Software v 1.18,Olympus,https://evidentscientific.com/en/downloads,,
PMC13103949,Cell Reports,2026,Software and Algorithms,Graphpad Prism v9.5.0,GraphPad by Dotmatics,https://www.graphpad.com/features,,
PMC13103949,Cell Reports,2026,Software and Algorithms,CICERO algorithm,Tian et al. 54,https://github.com/stjude/CICERO,,
PMC13103949,Cell Reports,2026,Software and Algorithms,Gene Set Enrichment Analysis (GSEA) desktop application,Subramanian et al. 29 ; Mootha et al. 30,https://www.gsea-msigdb.org/gsea/index.jsp,,
PMC13103949,Cell Reports,2026,Software and Algorithms,CLC Genomics Workbench (v8),Qiagen,https://digitalinsights.qiagen.com/products-overview/discovery-insights-portfolio/analysis-and-visualization/qiagen-clc-genomics-workbench/,,
PMC13103949,Cell Reports,2026,Software and Algorithms,XenoCP algorithm,Silveira et al. 55,https://github.com/stjude/XenoCP,,
PMC13103949,Cell Reports,2026,Software and Algorithms,Subset-quantile within array normalization (SWAN) function,Maksimovic et al. 56,https://rdrr.io/bioc/minfi/man/preprocessSwan.html,,
PMC13103949,Cell Reports,2026,Software and Algorithms,Minfi R package,Aryee et al. 57 ; Fortin et al. 58,https://rdrr.io/bioc/minfi/,,
PMC13103949,Cell Reports,2026,Software and Algorithms,cLoupe Browser,10X Genomics,https://www.10xgenomics.com/support/software/loupe-browser/latest,,
PMC13103949,Cell Reports,2026,Software and Algorithms,Trim-Galore tool (v0.4.4),–,https://github.com/FelixKrueger/TrimGalore,,
PMC13103949,Cell Reports,2026,Software and Algorithms,Cutadapt program,Martin et al. 59,https://cutadapt.readthedocs.io/en/stable/,,
PMC13103949,Cell Reports,2026,Software and Algorithms,"Bwa aln, bwa samse (v.0.7.12-r1039)",–,https://github.com/lh3/bwa,,
PMC13103949,Cell Reports,2026,Software and Algorithms,Samtools (v1.2),Li et al. 60 ; Li et al. 61,https://www.htslib.org/,,
PMC13103949,Cell Reports,2026,Software and Algorithms,Bamsormadup tool; biobambam2 (v2.0.87),–,N/A,,
PMC13103949,Cell Reports,2026,Software and Algorithms,Bedtools v2.17.0; v 2.24.0,Li et al. 60 ; Quinlan et al. 62,https://bedtools.readthedocs.io/en/latest/,,
PMC13103949,Cell Reports,2026,Software and Algorithms,Pybedtools (v0.8.1),Dale et al. 63,https://daler.github.io/pybedtools/,,
PMC13103949,Cell Reports,2026,Software and Algorithms,edgeR,Robinson et al. 64,https://bioconductor.org/packages/release/bioc/html/edgeR.html,,
PMC13103949,Cell Reports,2026,Software and Algorithms,Enrichr database,Chen et al. 22 Kuleshov et al. 23,https://maayanlab.cloud/Enrichr/,,
PMC13103949,Cell Reports,2026,Software and Algorithms,Juicer (v1.5),Durand et al. 65,https://github.com/aidenlab/juicer/releases,,
PMC13103949,Cell Reports,2026,Software and Algorithms,Juicebox,Durand et al. 66,https://aidenlab.org/juicebox/,,
PMC13103949,Cell Reports,2026,Software and Algorithms,Proteinpaint,Zhou et al. 67,https://viz.stjude.cloud/tools/proteinpaint,,
PMC13103949,Cell Reports,2026,Software and Algorithms,Qualimap,Okonechnikov et al. 68,http://qualimap.conesalab.org/,,
PMC13103949,Cell Reports,2026,Software and Algorithms,Mutect2 (v4.1.2.0),Broad Institute,https://github.com/broadinstitute/gatk/releases,,
PMC13103949,Cell Reports,2026,Software and Algorithms,SomaticSniper (v1.0.5.0),Larson et al. 69,https://github.com/genome/somatic-sniper,,
PMC13103949,Cell Reports,2026,Software and Algorithms,VarScan2 (v2.4.3),Koboldt et al. 70,https://github.com/dkoboldt/varscan/blob/master/VarScan.v2.4.3.description.txt,,
PMC13103949,Cell Reports,2026,Software and Algorithms,MuSE (v1.0rc),Fan et al. 71,https://github.com/danielfan/MuSE/releases,,
PMC13103949,Cell Reports,2026,Software and Algorithms,Strelka2 (v2.9.10),Kim et al. 72,https://github.com/Illumina/strelka/releases,,
PMC13103949,Cell Reports,2026,Software and Algorithms,Annovar,Wang et al. 73,https://annovar.openbioinformatics.org/en/latest/,,
PMC13103949,Cell Reports,2026,Software and Algorithms,CONSERTING algorithm,Chen et al. 74,https://www.stjude.org/research/labs/zhang-lab/conserting.html,,
PMC13103949,Cell Reports,2026,Software and Algorithms,Delly (v0.8.2),Rausch et al. 75,https://github.com/dellytools/delly/releases,,
PMC13103949,Cell Reports,2026,Software and Algorithms,Manta (v1.5.0),Chen et al. 76,https://github.com/Illumina/manta/releases,,
PMC13103949,Cell Reports,2026,Software and Algorithms,GRIDSS (v2.5.0),Cameron et al. 77,https://github.com/PapenfussLab/gridss/releases,,
PMC13103949,Cell Reports,2026,Software and Algorithms,Coffalyser software,MRC Holland,https://www.mrcholland.com/technology/software/coffalyser-net,,
PMC13103949,Cell Reports,2026,Software and Algorithms,Genedata screener software,Genedata,https://www.genedata.com/platform/screener/software,,
PMC13103949,Cell Reports,2026,Software and Algorithms,SynergyFinder 3.0 software,Ianevsky et al. 78,https://synergyfinder.aittokallio.group/20251218233155023196/,,
PMC13103949,Cell Reports,2026,Software and Algorithms,10x Genomics Cell Ranger ARC (v2.0.2),10X Genomics,https://www.10xgenomics.com/support/software/cell-ranger/latest,,
PMC13103949,Cell Reports,2026,Software and Algorithms,R package scDblFinder,Germain et al. 79,https://bioconductor.org/packages/release/bioc/html/scDblFinder.html,,
PMC13103949,Cell Reports,2026,Software and Algorithms,R package Seurat,Hao et al. 80,https://cran.r-project.org/web/packages/Seurat/index.html,,
PMC13103949,Cell Reports,2026,Software and Algorithms,R package ArchR,Granja et al. 81,https://www.archrproject.com/,,
PMC13103949,Cell Reports,2026,Software and Algorithms,10x Genomics Loupe Browser,10x genomics,https://www.10xgenomics.com/support/software/loupe-browser/latest,,
PMC13103949,Cell Reports,2026,Software and Algorithms,FCS Express Flow Cytometry Software,De Novo Software,https://denovosoftware.com/,,
PMC13103949,Cell Reports,2026,Software and Algorithms,FlowAI,Monaco et al. 82,https://www.bioconductor.org/packages/release/bioc/html/flowAI.html,,
PMC13103949,Cell Reports,2026,Software and Algorithms,Z-Fisher,St. Jude Children’s Research Hospital,https://github.com/sethstaller/zFISHer.git,,
PMC13056588,Cell Reports,2026,Antibodies,Anti-fluorogold primary antibody,Sigma-Aldrich,Cat# AB153-I; RRID: AB_2632408,,
PMC13056588,Cell Reports,2026,Bacterial and Virus Strains,AAV1-Syn-Flex-GCaMP6s-WPRE-SV40,Addgene,AAV1; 100845-AAV1,,
PMC13056588,Cell Reports,2026,Bacterial and Virus Strains,AAV1-EF1a-DIO-hChR2(H134R)-mCherry-WPRE-HGHpA,Addgene,AAV1;20297-AAV1,,
PMC13056588,Cell Reports,2026,Bacterial and Virus Strains,AAV5-CaMKIIa-hM4D(Gi)-mCherry,Addgene,AAV5; 50477-AAV5,,
PMC13056588,Cell Reports,2026,Bacterial and Virus Strains,AAV8-CAG-FLEX-TVA-mCherry,Columbia University vector core,N/A,,
PMC13056588,Cell Reports,2026,Bacterial and Virus Strains,AAV8-CAG-FLEX-oG-WPRE-SV40-PA,Columbia University vector core,N/A,,
PMC13056588,Cell Reports,2026,Bacterial and Virus Strains,EnvA-pseudotyped RabiesΔG-eGFP (N2c),Columbia University vector core,N/A,,
PMC13056588,Cell Reports,2026,"Chemicals, Peptides, and Recombinant Proteins",Acesulfame K,Sigma-Aldrich,Cat# 4054,,
PMC13056588,Cell Reports,2026,"Chemicals, Peptides, and Recombinant Proteins",Citric Acid,Sigma-Aldrich,Cat# 251275,,
PMC13056588,Cell Reports,2026,"Chemicals, Peptides, and Recombinant Proteins",Inosine monophosphate,Sigma-Aldrich,Cat#I4625,,
PMC13056588,Cell Reports,2026,"Chemicals, Peptides, and Recombinant Proteins",Monopotassium glutamate,Sigma-Aldrich,Cat# 49601,,
PMC13056588,Cell Reports,2026,"Chemicals, Peptides, and Recombinant Proteins",Sodium Chloride,Sigma-Aldrich,Cat#S5886,,
PMC13056588,Cell Reports,2026,"Chemicals, Peptides, and Recombinant Proteins",Sucrose,Sigma-Aldrich,Cat#S9378,,
PMC13056588,Cell Reports,2026,"Chemicals, Peptides, and Recombinant Proteins",Quinine monohydrochloride dihydrate,Sigma-Aldrich,Cat# 145920,,
PMC13056588,Cell Reports,2026,"Chemicals, Peptides, and Recombinant Proteins",Normal Donkey serum,Chemicon,S30-100ML,,
PMC13056588,Cell Reports,2026,"Chemicals, Peptides, and Recombinant Proteins",Triton X-,Sigma-Aldrich,Ct.#X100-500ML,,
PMC13056588,Cell Reports,2026,"Chemicals, Peptides, and Recombinant Proteins",Paraformaldehyde (PFA),Electron Microscopy Sciences,50-980-494,,
PMC13056588,Cell Reports,2026,"Chemicals, Peptides, and Recombinant Proteins",Dimethyl sulfoxide (DMSO),Sigma-Aldrich,Cat.#D2650,,
PMC13056588,Cell Reports,2026,"Chemicals, Peptides, and Recombinant Proteins",Clozapine- n -oxide (CNO),Tocris Bioscience,493610,,
PMC13056588,Cell Reports,2026,"Chemicals, Peptides, and Recombinant Proteins",Fluorogold,FluoroChrome,fluoro-gold-20-mg,,
PMC13056588,Cell Reports,2026,Deposited Data,Fiber photometry data,This paper,https://doi.org/10.5061/dryad.bcc2fqzsz,,
PMC13056588,Cell Reports,2026,Deposited Data,Optogenetic stimulation of IS for salivation,This paper,https://doi.org/10.5061/dryad.bcc2fqzsz,,
PMC13056588,Cell Reports,2026,Experimental Models: Organisms/Strains,ChAT-IRES-Cre,The Jackson Laboratory,6410,,
PMC13056588,Cell Reports,2026,Experimental Models: Organisms/Strains,Flex-TdTomato,The Jackson Laboratory,7909,,
PMC13056588,Cell Reports,2026,Experimental Models: Organisms/Strains,T1R1/2/3 KO,Dr. Charles Zuker (Columbia),N/A,,
PMC13056588,Cell Reports,2026,Software and Algorithms,ImageJ (Fiji),NIH,https://imagej.net/Fiji,,
PMC13056588,Cell Reports,2026,Software and Algorithms,MATLAB,MathWorks,https://www.mathworks.com,,
PMC13056588,Cell Reports,2026,Software and Algorithms,Anaconda (Python),Anaconda Software Distribution,https://www.mathworks.com,,
PMC13056588,Cell Reports,2026,Software and Algorithms,pMAT,Dr. David J Barker (Rutgers),https://github.com/djamesbarker/pMAT,,
PMC13056588,Cell Reports,2026,Software and Algorithms,Pulser,Prizmatix,https://www.prizmatix.com/soft/PulserPlus.html,,
PMC13094391,Cell Reports,2026,Antibodies,Adipophilin/Perilipin-2 (JA31-81) Recombinant Rabbit Monoclonal Antibody,Invitrogen,Cat#MA5-32664; RRID:AB_2809941,,
PMC13094391,Cell Reports,2026,Antibodies,LC3B ( EPR18709 ) Rabbit Monoclonal Antibody,Abcam,Cat#ab192890; RRID:AB_2827794,,
PMC13094391,Cell Reports,2026,Antibodies,Phospho-PINKI (Ser228) (E9K3K) Rabbit Monoclonal Antibody,Cell Signaling Technology,Cat#89010S,,
PMC13094391,Cell Reports,2026,Antibodies,SQSTM1/p62 Rabbit Polyclonal Antibody,Cell Signaling Technology,Cat#5114; RRID:AB_10624872,,
PMC13094391,Cell Reports,2026,Antibodies,Atg5 (D5F5U) Rabbit Monoclonal Antibody,Cell Signaling Technology,Cat#12994S; RRID:AB_2630393,,
PMC13094391,Cell Reports,2026,Antibodies,Alpha Tubulin (YL1/2) Rat Monoclonal Antibody,Invitrogen,Cat#MA1-80017; RRID:AB_2210201,,
PMC13094391,Cell Reports,2026,Antibodies,GAPDH (W17079A) Rat Monoclonal Antibody,Biolegend,Cat#607902; RRID:AB_2734503,,
PMC13094391,Cell Reports,2026,Antibodies,ATP5A1 Rabbit Polyclonal Antibody,Proteintech,Cat#14676-1-AP; RRID:AB_2061761,,
PMC13094391,Cell Reports,2026,Antibodies,LAMP1 ( EPR21026 ) Rabbit Monoclonal Antibody,Abcam,Cat#ab208943; RRID:AB_2923327,,
PMC13094391,Cell Reports,2026,Antibodies,S100A4 (438719) Rat Monoclonal Antibody,R&D Systems,Cat#MAB4138; RRID:AB_1512261,,
PMC13094391,Cell Reports,2026,Antibodies,IL-6 (MP5-20F3) Rat Monoclonal Antibody,R&D Systems,Cat#MAB406-100; RRID:AB_2233899,,
PMC13094391,Cell Reports,2026,Antibodies,"Goat anti-Rabbit IgG (H + L) Cross-Adsorbed Polyclonal Antibody, Conjugated to Alexa Fluor ™ 488",Invitrogen,Cat#A-11008; RRID:AB_143165,,
PMC13094391,Cell Reports,2026,Antibodies,"Goat anti-Rabbit IgG (H + L) Cross-Adsorbed Polyclonal Antibody, Conjugated to Alexa Fluor ™ 594",Invitrogen,Cat#A-11012; RRID:AB_2534079,,
PMC13094391,Cell Reports,2026,Antibodies,"Goat Anti-Rat IgG (H + L) Polyclonal Antibody, Conjugated to Alexa Fluor ™ 488",Abcam,Cat#ab150157; RRID:AB_2722511,,
PMC13094391,Cell Reports,2026,Antibodies,IRDye 800CW Donkey anti-Rabbit IgG,LICOR,Cat#926–32213; RRID:AB_621848,,
PMC13094391,Cell Reports,2026,Antibodies,IRDye 800CW Donkey anti-Rabbit IgG,LICOR,Cat#926–68076; RRID:AB_10956590,,
PMC13094391,Cell Reports,2026,Antibodies,IRDye 680LT Donkey anti-Goat IgG,LICOR,Cat#926–68024; RRID:AB_10706168,,
PMC13094391,Cell Reports,2026,Bacterial and Virus Strains,DH5α E. Coli cells,Thermo Fisher Scientific,Cat#18265017,,
PMC13094391,Cell Reports,2026,"Chemicals, Peptides, and Recombinant Proteins",ProLong Glass Antifade Mountant with NucBlue Stain,Invitrogen,Cat# P36981,,
PMC13094391,Cell Reports,2026,"Chemicals, Peptides, and Recombinant Proteins",Oil Red O,Sigma-Aldrich,Cat#O0625; CAS#1320-06-5,,
PMC13094391,Cell Reports,2026,"Chemicals, Peptides, and Recombinant Proteins",Propylene Glycol,Sigma-Aldrich,Cat#W294004; CAS#57-55-6,,
PMC13094391,Cell Reports,2026,"Chemicals, Peptides, and Recombinant Proteins",Hematoxylin,Epredia,Cat#7211,,
PMC13094391,Cell Reports,2026,"Chemicals, Peptides, and Recombinant Proteins","Formalin 10%, Reagent Grade for Histology, Neutral Buffered",VWR,Cat#16004-128; CAS#50-00-0,,
PMC13094391,Cell Reports,2026,"Chemicals, Peptides, and Recombinant Proteins",Triton X-100,Sigma-Aldrich,Cat#X100; CAS#9036-19-5,,
PMC13094391,Cell Reports,2026,"Chemicals, Peptides, and Recombinant Proteins",Normal Goat Serum,Vector Laboratories,Cat#S-1000-20,,
PMC13094391,Cell Reports,2026,"Chemicals, Peptides, and Recombinant Proteins",Bovine Serum Albumin,Sigma-Aldrich,Cat#A1470; CAS#9048-46-8,,
PMC13094391,Cell Reports,2026,"Chemicals, Peptides, and Recombinant Proteins",TWEEN 20,Sigma-Aldrich,Cat#P1379; CAS#9005-64-5,,
PMC13094391,Cell Reports,2026,"Chemicals, Peptides, and Recombinant Proteins","BODIPY ™ FL C 16 (4,4-Difluoro-5,7-Dimethyl-4-Bora-3a,4a-Diaza- s -Indacene-3-Hexadecanoic Acid)",Invitrogen,Cat#D3821,,
PMC13094391,Cell Reports,2026,"Chemicals, Peptides, and Recombinant Proteins",Fatty Acid Free Bovine Serum Albumin,Fisher,Cat#BP9704100,,
PMC13094391,Cell Reports,2026,"Chemicals, Peptides, and Recombinant Proteins",Hoechst 33342 Solution (20 mM),Thermo Scientific,Cat#62249,,
PMC13094391,Cell Reports,2026,"Chemicals, Peptides, and Recombinant Proteins","Hank’s Balanced Salt Solution, 1X with Calcium and Magnesium without Phenol Red",Corning,Cat#21-023-CV,,
PMC13094391,Cell Reports,2026,"Chemicals, Peptides, and Recombinant Proteins",LysoTracker red DND-99,Invitrogen,Cat#L7528,,
PMC13094391,Cell Reports,2026,"Chemicals, Peptides, and Recombinant Proteins",Chloroquine Diphosphate Salt,Sigma-Aldrich,Cat#C6628; CAS#50-63-5,,
PMC13094391,Cell Reports,2026,"Chemicals, Peptides, and Recombinant Proteins",MitoTracker Deep Red,Invitrogen,Cat# M22426,,
PMC13094391,Cell Reports,2026,"Chemicals, Peptides, and Recombinant Proteins",(+)-Etomoxir Sodium Salt Hydrate,Sigma-Aldrich,Cat#E1905; CAS#828934-41-4,,
PMC13094391,Cell Reports,2026,"Chemicals, Peptides, and Recombinant Proteins","Seahorse XF DMEM Medium, pH 7.4",Agilent,Cat#103575-100,,
PMC13094391,Cell Reports,2026,"Chemicals, Peptides, and Recombinant Proteins",L-Glutamine,Sigma-Aldrich,Cat#G8540; CAS#56-85-9,,
PMC13094391,Cell Reports,2026,"Chemicals, Peptides, and Recombinant Proteins","Sodium Pyruvate Solution, 100 mM",Sigma-Aldrich,Cat#S8636; CAS#113-24-6,,
PMC13094391,Cell Reports,2026,"Chemicals, Peptides, and Recombinant Proteins",D-(+)-Glucose,Sigma-Aldrich,Cat#G7528; CAS#50-99-7,,
PMC13094391,Cell Reports,2026,"Chemicals, Peptides, and Recombinant Proteins",RIPA Buffer,Sigma-Aldrich,Cat#R0278,,
PMC13094391,Cell Reports,2026,"Chemicals, Peptides, and Recombinant Proteins","EDTA, 0.5M, pH 8.0",Corning,Cat#46-034-CI,,
PMC13094391,Cell Reports,2026,"Chemicals, Peptides, and Recombinant Proteins","complete ™ , Mini, EDTA-free Protease Inhibitor Cocktail",Roche,Cat#04693159001,,
PMC13094391,Cell Reports,2026,"Chemicals, Peptides, and Recombinant Proteins",Mini PhoSTOP EASYpack tablet,Roche,Cat#04906845001,,
PMC13094391,Cell Reports,2026,"Chemicals, Peptides, and Recombinant Proteins",Puromycin dihydrochloride from Streptomyces alboniger,Sigma,Cat#P7255; CAS#58-58-2,,
PMC13094391,Cell Reports,2026,"Chemicals, Peptides, and Recombinant Proteins",Glutaraldehyde,Electron Microscopy Services,Cat#16210; CAS#111-30-8,,
PMC13094391,Cell Reports,2026,"Chemicals, Peptides, and Recombinant Proteins",Sodium Cacodylate (buffer),Electron Microscopy Services,Cat#11652; CAS#6131-99-3,,
PMC13094391,Cell Reports,2026,"Chemicals, Peptides, and Recombinant Proteins",Tannic acid,Electron Microscopy Services,Cat#21700; CAS#1401-55-4,,
PMC13094391,Cell Reports,2026,"Chemicals, Peptides, and Recombinant Proteins",Osmium tetroxide,Electron Microscopy Services,Cat#19110; CAS#20816-12-0,,
PMC13094391,Cell Reports,2026,"Chemicals, Peptides, and Recombinant Proteins",Quetol 651–based Spurr’s resin,Electron Microscopy Services,Cat#20440,,
PMC13094391,Cell Reports,2026,"Chemicals, Peptides, and Recombinant Proteins",4x Protein Loading Buffer,LICOR,Cat#928-40004,,
PMC13094391,Cell Reports,2026,"Chemicals, Peptides, and Recombinant Proteins",β-mercaptoethanol,Bio-Rad,Cat#1610710; CAS#60-24-2,,
PMC13094391,Cell Reports,2026,"Chemicals, Peptides, and Recombinant Proteins",TRIS Base,Research Products International,Cat# T60040 ; CAS#77-86-1,,
PMC13094391,Cell Reports,2026,"Chemicals, Peptides, and Recombinant Proteins",Glycine,Research Products International,Cat# G36050 ; CAS#56-40-6,,
PMC13094391,Cell Reports,2026,"Chemicals, Peptides, and Recombinant Proteins",Lauryl Sulfate (SDS),Research Products International,Cat# L22010 ; CAS#151-21-3,,
PMC13094391,Cell Reports,2026,"Chemicals, Peptides, and Recombinant Proteins",TRIzol ™ Reagent,Invitrogen,Cat#155960,,
PMC13094391,Cell Reports,2026,"Chemicals, Peptides, and Recombinant Proteins",PowerUp ™ SYBR ™ Green Master Mix,Applied Biosystems,Cat#A25742,,
PMC13094391,Cell Reports,2026,"Chemicals, Peptides, and Recombinant Proteins",Tetramethylrhodamine ethyl ester,Invitrogen,Cat#T669; CAS#115532-52-0,,
PMC13094391,Cell Reports,2026,"Chemicals, Peptides, and Recombinant Proteins",MitoSOX ™ Red Mitochondrial Superoxide Indicator,Invitrogen,Cat# M36008,,
PMC13094391,Cell Reports,2026,"Chemicals, Peptides, and Recombinant Proteins",Antimycin A,Sigma,Cat#A8674; CAS#1397-94-0,,
PMC13094391,Cell Reports,2026,"Chemicals, Peptides, and Recombinant Proteins",CellTracker ™ Deep Red,Invitrogen,Cat# C34565,,
PMC13094391,Cell Reports,2026,"Chemicals, Peptides, and Recombinant Proteins",Lipofectamine RNAiMAX reagent,Invitrogen,Cat#13778030,,
PMC13094391,Cell Reports,2026,"Chemicals, Peptides, and Recombinant Proteins",13 C palmitic acid,Cambridge Isotopes,Cat#CLM-409; CAS#56599-85-0,,
PMC13094391,Cell Reports,2026,"Chemicals, Peptides, and Recombinant Proteins",L-carnitine,Invitrogen,Cat#A17618.09; CAS#541-15-1,,
PMC13094391,Cell Reports,2026,"Chemicals, Peptides, and Recombinant Proteins",L-norvaline,Sigma,Cat#N7627; CAS#6600-40-4,,
PMC13094391,Cell Reports,2026,"Chemicals, Peptides, and Recombinant Proteins",Methanol,Sigma,Cat#34860-4L-R; CAS#67-56-1,,
PMC13094391,Cell Reports,2026,"Chemicals, Peptides, and Recombinant Proteins",Chloroform,Sigma,Cat#C2432; CAS#67-66-3,,
PMC13094391,Cell Reports,2026,"Chemicals, Peptides, and Recombinant Proteins",Methoxamine reagent,Thermo Scientific,Cat#TS-45950,,
PMC13094391,Cell Reports,2026,"Chemicals, Peptides, and Recombinant Proteins",MtBSTFA +1% t-BDMCS,Regis Technologies,Cat#1-270144-200,,
PMC13094391,Cell Reports,2026,Critical Commercial Assays,L-Lactate Assay Kit,Cayman Chemical,Cat#700510,,
PMC13094391,Cell Reports,2026,Critical Commercial Assays,Seahorse XF Cell Mito Stress Test Kit,Agilent,Cat#103015-100,,
PMC13094391,Cell Reports,2026,Critical Commercial Assays,Seahorse XF Glycolysis Stress Test,Agilent,Cat#103020-100,,
PMC13094391,Cell Reports,2026,Critical Commercial Assays,Pierce ™ BCA Protein Assay Kit,Thermo Scientific,Cat#23227,,
PMC13094391,Cell Reports,2026,Critical Commercial Assays,Myco-Sniff-Rapid ™ Mycoplasma,MP Biomedicals,Cat#0930504-CF,,
PMC13094391,Cell Reports,2026,Critical Commercial Assays,Luciferase Detection Kit,,,,
PMC13094391,Cell Reports,2026,Critical Commercial Assays,QIAprep Spin Miniprep Kit,Qiagen,Cat#27104,,
PMC13094391,Cell Reports,2026,Critical Commercial Assays,PureLink RNA Mini Kit,Invitrogen,Cat#12183025,,
PMC13094391,Cell Reports,2026,Critical Commercial Assays,DNeasy Blood & Tissue Kit,Qiagen,Cat#69504,,
PMC13094391,Cell Reports,2026,Experimental Models: Cell Lines,NIH 3T3 murine fibroblasts,ATCC,Cat#CRL-1658; RRID:CVCL_0594,,
PMC13094391,Cell Reports,2026,Experimental Models: Cell Lines,Immortalized human reduction,Dr. Charlotte,https://doi.org/10.1073/,,
PMC13094391,Cell Reports,2026,Experimental Models: Cell Lines,mammoplasty fibroblasts 64,"Kuperwasser, Tufts University",PNAS.0401064101,,
PMC13094391,Cell Reports,2026,Experimental Models: Cell Lines,4T1 murine triple negative breast cancer cells,ATCC,Cat#CRL-2539; RRID:CVCL_0125,,
PMC13094391,Cell Reports,2026,Experimental Models: Cell Lines,HEK293T cells,ATCC,Cat#CRL-3216; RRID:CVCL_0063,,
PMC13094391,Cell Reports,2026,Experimental Models: Organisms/Strains,8–10-week-old female BALB/c mice,Charles River Laboratories,RRID:IMSR_APB:4790,,
PMC13094391,Cell Reports,2026,Oligonucleotides,shScramble in a pLKO.1 backbone: 5′-CCGGCAACAAGATGAAGAGCACCAACTCGA GTTGGTGCTCTTCATCTTGTTGTTTTT-3′,Sigma,Cat#SHC002,,
PMC13094391,Cell Reports,2026,Oligonucleotides,shATG5 in a pLKO.2 backbone: 5′-AGCCGAAGCCTTTGCTCAATG-3′,Sigma,Cat#TRCN0000375819,,
PMC13094391,Cell Reports,2026,Oligonucleotides,Custom DNA Oligos for qPCR,Sigma,Cat#VC00021,,
PMC13094391,Cell Reports,2026,Oligonucleotides,Silencer Select siRNA targeting Mfn2 (Assay ID s100687),Invitrogen,Cat#4390771,,
PMC13094391,Cell Reports,2026,Oligonucleotides,Silencer Select Negative Control No. 1,Invitrogen,Cat#4390843,,
PMC13094391,Cell Reports,2026,Recombinant DNA,psPAX2 packaging plasmid,Addgene,Cat#12260; RRID:Addgene_12260,,
PMC13094391,Cell Reports,2026,Recombinant DNA,pMD2.G envelope plasmid,Addgene,Cat#12259; RRID:Addgene_12259,,
PMC13094391,Cell Reports,2026,Software and Algorithms,"Fiji, version 1.54",open source,https://imagej.net/software/fiji/downloads,,
PMC13094391,Cell Reports,2026,Software and Algorithms,"GraphPad Prism, version 10",GraphPad Software,https://www.graphpad.com/features,,
PMC13094391,Cell Reports,2026,Software and Algorithms,"Minitab Statistical Software, version 21",Minitab,https://www.minitab.com/en-us/products/minitab/,,
PMC13094391,Cell Reports,2026,Software and Algorithms,"FlowJo ™ software, version 10",BD,https://www.flowjo.com/solutions/flowjo,,
PMC13094391,Cell Reports,2026,Software and Algorithms,Seahorse Wave desktop software,Agilent,https://www.agilent.com/en/product/cell-analysis/real-time-cell-metabolic-analysis/xf-software/seahorse-wave-desktop-software-740897,,
PMC13094391,Cell Reports,2026,Software and Algorithms,"LASX Imaging Software, with AutoQuant ™ Deconvolution algorithm licensed from Media Cybernetics Inc.",Leica,https://www.leica-microsystems.com/products/microscope-software/p/leica-las-x-ls/,,
PMC13094391,Cell Reports,2026,Software and Algorithms,Image Studio 6.0,LICORbio,https://www.licorbio.com/image-studio,,
PMC13094391,Cell Reports,2026,Software and Algorithms,PIRAMID analysis tool,N/A,https://doi.org/10.1093/BIOINFORMATICS/BTAD661,,
PMC13094391,Cell Reports,2026,Other,Amnis CellStream Flow Cytometer,Cytek Biosciences,https://cytekbio.com/pages/cellstream,,
PMC13094391,Cell Reports,2026,Other,Seahorse XFe96 Extracellular Flux Analyzer,Agilent; used at the Vanderbilt High Through Screening Core,https://medschool.vanderbilt.edu/hts/technology/,,
PMC13094391,Cell Reports,2026,Other,"Seahorse XFe96 FluxPak including sensor cartridges, cell culture microplates, and Seahorse XF calibrant solution",Agilent,Cat#103792-100,,
PMC13094391,Cell Reports,2026,Other,2-well culture inserts in μ-dishes,Ibidi,Cat#81176,,
PMC13094391,Cell Reports,2026,Other,Nunclon Sphera ultra-low attachment 96-well U-bottom plate,Thermo Scientific,Cat#174929,,
PMC13094391,Cell Reports,2026,Other,"DMi8 inverted microscope fitted with DAPI, GFP, TXR, and Y5 filter cubes",Leica,https://www.leica-microsystems.com/products/light-microscopes/p/leica-dmi8/,,
PMC13094391,Cell Reports,2026,Other,DFC9000GT sCMOS fluorescence digital camera,Leica,https://www.leica-microsystems.com/products/microscope-cameras/p/leica-dfc9000/,,
PMC13094391,Cell Reports,2026,Other,Mercury-free SOLA light engine,Lumencor,https://lumencor.com/products/sola-light-engine,,
PMC13094391,Cell Reports,2026,Other,Bold Line CO 2 and temperature unit with air pump,Okolab,Cat#CO2-UNIT-BL,,
PMC13094391,Cell Reports,2026,Other,DMEM,Gibco,Cat#11995-065,,
PMC13094391,Cell Reports,2026,Other,RPMI,Gibco,Cat#11875-093,,
PMC13094391,Cell Reports,2026,Other,UC7 ultramicrotome,Leica,Vanderbilt Cell Imaging Shared Resource core facility,,
PMC13094391,Cell Reports,2026,Other,Tecnai T12 equipped with an AMT NanoSprint CMOS camera and AMT imaging software,Thermo Fisher Scientific,Vanderbilt Cell Imaging Shared Resource core facility,,
PMC13094391,Cell Reports,2026,Other,YSI 2950 Biochemistry Analyzer,Xylem Analytics,https://www.ysi.com/ysi-2950-biochemistry-analyzer?srsltid=AfmBOooSEY_nVQF45qSucc9x-8xHArSlRD2exKf7ZtXzJMnK4ADOwENG,,
PMC13094391,Cell Reports,2026,Other,Sonic Dismembrator Model 100,Fisher Scientific,Model 100,,
PMC13094391,Cell Reports,2026,Other,Mini-PROTEAN TGX 10% pre-cast gels,Bio-Rad,Cat#4561034,,
PMC13094391,Cell Reports,2026,Other,Mini-PROTEAN TGX 4–20% pre-cast gels,Bio-Rad,Cat#4561094,,
PMC13094391,Cell Reports,2026,Other,Precision Plus Protein Kaleidoscope Prestained Protein Standard,Bio-Rad,Cat#1610375,,
PMC13094391,Cell Reports,2026,Other,PowerPac HC and mini-PROTEAN Tetra system,Bio-Rad,Cat#1658027,,
PMC13094391,Cell Reports,2026,Other,Intercept TBS buffer,LICOR,Cat#927-60001,,
PMC13094391,Cell Reports,2026,Other,Odyssey Fc imager,LICOR,https://www.licorbio.com/odyssey-xf,,
PMC13094391,Cell Reports,2026,Other,QuantStudio 5,Applied Biosystems,https://www.thermofisher.com/order/catalog/product/A34322,,
PMC13094391,Cell Reports,2026,Other,"CELLSTAR μClear ™ 96-well, cell culture-treated microplates",Greiner Bio-One,Cat#655090,,
PMC13094391,Cell Reports,2026,Other,Mouse 32-plex Affymetrix kit,Eve Technologies Corporation,Cat#MD32,,
PMC13094391,Cell Reports,2026,Other,Gas Chromatograph/Mass Spectrometer,Agilent,Cat#7890/5977A,,
PMC13094391,Cell Reports,2026,Other,"The TCGA BRCA dataset 90 , 91",Accessed through the University of California Santa Cruz Xena platform and visulaization tool 90,https://xenabrowser.net/ ; https://portal.gdc.cancer.gov/projects/TCGA-BRCA,,
PMC13013760,Cell Reports,2026,Antibodies,CBP (D6C5),Cell Signaling,7389; RRID: AB_2616020,,
PMC13013760,Cell Reports,2026,Antibodies,CBP/KAT3A/CREBBP aNTIBODY (c-1),Santa Cruz (insight),sc-7300; RRID: AB_626817,,
PMC13013760,Cell Reports,2026,Antibodies,Anti-Acetyl-CBP (Lys1535)/p300 (Lys1499),Cell Signaling,4771; RRID: AB_2262406,,
PMC13013760,Cell Reports,2026,Antibodies,Recombinant Anti-Brd4 antibody [EPR5150(2)] (ab128874),Abcam,ab128874; RRID: AB_11145462,,
PMC13013760,Cell Reports,2026,Antibodies,anti-Histone H3 (acetyl K27) antibody,Abcam,ab4729; RRID: AB_2118291,,
PMC13013760,Cell Reports,2026,Antibodies,Anti-Histone H4,Abcam,ab10158; RRID: AB_296888,,
PMC13013760,Cell Reports,2026,Antibodies,Anti-Histone H3 (acetyl K27),Abcam,ab4729; RRID: AB_2118291,,
PMC13013760,Cell Reports,2026,Antibodies,Anti-Histone H3K27ac,Active Motif,39133; RRID: AB_2561016,,
PMC13013760,Cell Reports,2026,Antibodies,Anti-GFP,Abcam,ab290; RRID: AB_2313768,,
PMC13013760,Cell Reports,2026,Antibodies,Anti-GFP,Millipore,MAB3580; RRID: AB_94936,,
PMC13013760,Cell Reports,2026,Antibodies,Anti-HaloTag® Monoclonal Antibody,Promega,G9211; RRID: AB_2688011,,
PMC13013760,Cell Reports,2026,Antibodies,GAPDH,Proteintech,60004–1; RRID: AB_2107436,,
PMC13013760,Cell Reports,2026,Antibodies,Alexa Fluor® 488 Goat Anti-Rabbit IgG (H + L) Cross-Adsorbed Secondary Antibody,Invitrogen,A-11008; RRID: AB_143165,,
PMC13013760,Cell Reports,2026,Antibodies,Alexa Fluor® 647 AffiniPure Donkey Anti-Rabbit IgG (H + L),Jackson Laboratories,711-605-152; RRID: AB_2492288,,
PMC13013760,Cell Reports,2026,Antibodies,Alexa Fluor® 488 AffiniPure Donkey Anti-Mouse IgG (H + L),Jackson Laboratories,715-545-150; RRID: AB_2340846,,
PMC13013760,Cell Reports,2026,Antibodies,HRP conjugated α-Rabbit IgG,Stratech,211-032-171; RRID: AB_2339149,,
PMC13013760,Cell Reports,2026,Antibodies,HRP-conjugated Affinipure Goat Anti-Mouse IgG(H + L),Proteintech,SA00001-1; RRID: AB_2722565,,
PMC13013760,Cell Reports,2026,Bacterial and Virus Strains,Stbl3 E.Coli cells,ThermoFisher,C737303,,
PMC13013760,Cell Reports,2026,"Chemicals, Peptides, and Recombinant Proteins",Dulbecco’s Modified Eagle Medium (DMEM) - high glucose,Fisher,10741574,,
PMC13013760,Cell Reports,2026,"Chemicals, Peptides, and Recombinant Proteins",Fetal Bovine Serum (FBS),ThermoFisher,10437028,,
PMC13013760,Cell Reports,2026,"Chemicals, Peptides, and Recombinant Proteins",Penicillin Streptomycin Solution 100X,ThermoFisher,11556461,,
PMC13013760,Cell Reports,2026,"Chemicals, Peptides, and Recombinant Proteins","Fetal Bovine Serum, certified, heat inactivated, United States, Tetracycline free",ThermoFisher,10082147,,
PMC13013760,Cell Reports,2026,"Chemicals, Peptides, and Recombinant Proteins",G418,Generon,G810,,
PMC13013760,Cell Reports,2026,"Chemicals, Peptides, and Recombinant Proteins",Hygromycin B,ThermoFisher,10687010,,
PMC13013760,Cell Reports,2026,"Chemicals, Peptides, and Recombinant Proteins",Lipofectamine 3000,ThermoFisher Scientific,L3000008,,
PMC13013760,Cell Reports,2026,"Chemicals, Peptides, and Recombinant Proteins",LipoD293 Version II,TEBU-Bio,SL100668,,
PMC13013760,Cell Reports,2026,"Chemicals, Peptides, and Recombinant Proteins",Lenti-X concentrator,Takara,631232,,
PMC13013760,Cell Reports,2026,"Chemicals, Peptides, and Recombinant Proteins",Polybrene,Merck Millipore,TR-1003-G,,
PMC13013760,Cell Reports,2026,"Chemicals, Peptides, and Recombinant Proteins",Doxycycline hydrochloride,Fisher,CAS 10592-13-9,,
PMC13013760,Cell Reports,2026,"Chemicals, Peptides, and Recombinant Proteins",PFuUltra II fusion HS DNA Polymerase,Agilent,600670,,
PMC13013760,Cell Reports,2026,"Chemicals, Peptides, and Recombinant Proteins",Dimethyl sulfoxide (DMSO),Sigma,D8418,,
PMC13013760,Cell Reports,2026,"Chemicals, Peptides, and Recombinant Proteins",Applied Biosystems GeneAmp dNTP Blend (10mM),ThermoFisher,N8080260,,
PMC13013760,Cell Reports,2026,"Chemicals, Peptides, and Recombinant Proteins",NEBuilder HiFi DNA Assembly reaction,NEB,E2621L,,
PMC13013760,Cell Reports,2026,"Chemicals, Peptides, and Recombinant Proteins",NotI-HF,NEB,R3189S,,
PMC13013760,Cell Reports,2026,"Chemicals, Peptides, and Recombinant Proteins",SbfI,NEB,R3642,,
PMC13013760,Cell Reports,2026,"Chemicals, Peptides, and Recombinant Proteins",T4 DNA ligase,NEB,M0202S,,
PMC13013760,Cell Reports,2026,"Chemicals, Peptides, and Recombinant Proteins",DpnI,NEB,R0176S,,
PMC13013760,Cell Reports,2026,"Chemicals, Peptides, and Recombinant Proteins",T4 polynucleotide kinase (PNK),NEB,EK0031,,
PMC13013760,Cell Reports,2026,"Chemicals, Peptides, and Recombinant Proteins",NruI-HF,NEB,R3192S,,
PMC13013760,Cell Reports,2026,"Chemicals, Peptides, and Recombinant Proteins",PmlI,NEB,R0532S,,
PMC13013760,Cell Reports,2026,"Chemicals, Peptides, and Recombinant Proteins",Quick Calf Intestinal Phosphatase (CIP),NEB,M0525S,,
PMC13013760,Cell Reports,2026,"Chemicals, Peptides, and Recombinant Proteins",BamHI-HF,NEB,R3136S,,
PMC13013760,Cell Reports,2026,"Chemicals, Peptides, and Recombinant Proteins",MluI-HF,NEB,R3198S,,
PMC13013760,Cell Reports,2026,"Chemicals, Peptides, and Recombinant Proteins",BssHII,NEB,R0199S,,
PMC13013760,Cell Reports,2026,"Chemicals, Peptides, and Recombinant Proteins",BbsI-HF,NEB,R3539S,,
PMC13013760,Cell Reports,2026,"Chemicals, Peptides, and Recombinant Proteins",QuickExtract solution,Lucigen,QE0905T,,
PMC13013760,Cell Reports,2026,"Chemicals, Peptides, and Recombinant Proteins",T7 Endonuclease 1 (T7E1) enzyme,NEB,M0689S,,
PMC13013760,Cell Reports,2026,"Chemicals, Peptides, and Recombinant Proteins",TRIzol,ThermoFisher,15596018,,
PMC13013760,Cell Reports,2026,"Chemicals, Peptides, and Recombinant Proteins",Turbo DNase,Invitrogen,AM2238,,
PMC13013760,Cell Reports,2026,"Chemicals, Peptides, and Recombinant Proteins",Power SYBR reaction mastermix,ThermoFisher,4368706,,
PMC13013760,Cell Reports,2026,"Chemicals, Peptides, and Recombinant Proteins",Poly-L-lysine hydrobromide,Merck/Sigma,P2636,,
PMC13013760,Cell Reports,2026,"Chemicals, Peptides, and Recombinant Proteins",HaloTag ligand TMR,Promega,G8251,,
PMC13013760,Cell Reports,2026,"Chemicals, Peptides, and Recombinant Proteins",Hoechst 33342 trihydrochloride trihydrate,Invitrogen by ThermoFisher,H3570,,
PMC13013760,Cell Reports,2026,"Chemicals, Peptides, and Recombinant Proteins",Dulbecco’s Phosphate-buffered saline,ThermoFisher,14190250,,
PMC13013760,Cell Reports,2026,"Chemicals, Peptides, and Recombinant Proteins",Gibco FluoriBrite,ThermoFisher Scientific,A1896701,,
PMC13013760,Cell Reports,2026,"Chemicals, Peptides, and Recombinant Proteins",Gibco 1M HEPES,ThermoFisher Scientific,15630106,,
PMC13013760,Cell Reports,2026,"Chemicals, Peptides, and Recombinant Proteins",HaloTag Janelia Fluor 549,Promega,GA1110,,
PMC13013760,Cell Reports,2026,"Chemicals, Peptides, and Recombinant Proteins",HaloTag Janelia Fluor 646,Promega,GA1120,,
PMC13013760,Cell Reports,2026,"Chemicals, Peptides, and Recombinant Proteins","1,6 - Hexanediol",Merck,240117,,
PMC13013760,Cell Reports,2026,"Chemicals, Peptides, and Recombinant Proteins",100X Halt protease and phosphatase inhibitor cocktail,Fisher,10085973,,
PMC13013760,Cell Reports,2026,"Chemicals, Peptides, and Recombinant Proteins",RNase A,NEB,T3018,,
PMC13013760,Cell Reports,2026,"Chemicals, Peptides, and Recombinant Proteins",32% Paraformaldehyde solution EM Grade,Electron Microscopy Sciences,15714-S,,
PMC13013760,Cell Reports,2026,"Chemicals, Peptides, and Recombinant Proteins",Bovine Serum Albumin (BSA),Sigma-Aldrich,A3059-100g,,
PMC13013760,Cell Reports,2026,"Chemicals, Peptides, and Recombinant Proteins","VECTORshield that contained 4,6-diamidino-2-phenylindole (DAPI)",Vector laboratories,H-2000-10,,
PMC13013760,Cell Reports,2026,"Chemicals, Peptides, and Recombinant Proteins",A-485,Selleckchem,S8740,,
PMC13013760,Cell Reports,2026,"Chemicals, Peptides, and Recombinant Proteins",Trichostatin A (TSA),"Stratech, APExBIO",A8183,,
PMC13013760,Cell Reports,2026,"Chemicals, Peptides, and Recombinant Proteins",Dithiothreitol (DTT),Melford,MB1015-25G,,
PMC13013760,Cell Reports,2026,"Chemicals, Peptides, and Recombinant Proteins",Sodium butyrate,Sigma-Aldrich,303410-100g,,
PMC13013760,Cell Reports,2026,"Chemicals, Peptides, and Recombinant Proteins",Benzonase Nuclease,Sigma-Aldrich,E1014-25KU,,
PMC13013760,Cell Reports,2026,"Chemicals, Peptides, and Recombinant Proteins",Trans -blot turbo mini 0.2 μm nitrocellulose transfer packs,Biorad,1704158,,
PMC13013760,Cell Reports,2026,"Chemicals, Peptides, and Recombinant Proteins",IGEPAL (NP40) CA-630,Sigma,18896-50mL,,
PMC13013760,Cell Reports,2026,"Chemicals, Peptides, and Recombinant Proteins",PMSF,SLS,10837091001,,
PMC13013760,Cell Reports,2026,"Chemicals, Peptides, and Recombinant Proteins",acetyl Coenzyme A sodium salt solution,Sigma,A2056-10MG,,
PMC13013760,Cell Reports,2026,"Chemicals, Peptides, and Recombinant Proteins",recombinant polynucleosomes H3.1,Active Motif,31466,,
PMC13013760,Cell Reports,2026,"Chemicals, Peptides, and Recombinant Proteins",NuPAGE 3–8% Tris-Acetate gel,Invitrogen by thermofisher,EA0378BOX,,
PMC13013760,Cell Reports,2026,"Chemicals, Peptides, and Recombinant Proteins",Tris-Acetate SDS running buffer,Novex by life technologies,LA0041,,
PMC13013760,Cell Reports,2026,"Chemicals, Peptides, and Recombinant Proteins",NuPAGE 4–12% Bis-Tris gel,Invitrogen by thermofisher,NP0335BOX,,
PMC13013760,Cell Reports,2026,"Chemicals, Peptides, and Recombinant Proteins",MOPS SDS running buffer (20X),Invitrogen by thermofisher,NP0001,,
PMC13013760,Cell Reports,2026,"Chemicals, Peptides, and Recombinant Proteins","16% Formaldehyde Solution (w/v), Methanol-free",ThermoFisher Scientific,28906,,
PMC13013760,Cell Reports,2026,"Chemicals, Peptides, and Recombinant Proteins",Glycine,Fisher,56-40-6,,
PMC13013760,Cell Reports,2026,"Chemicals, Peptides, and Recombinant Proteins","cOmplete™, Mini, EDTA-free Protease Inhibitor Cocktail",Merck,11836170001,,
PMC13013760,Cell Reports,2026,"Chemicals, Peptides, and Recombinant Proteins",Sodium deoxycholate,Sigma-Aldrich,D6750-100g,,
PMC13013760,Cell Reports,2026,"Chemicals, Peptides, and Recombinant Proteins",N-lauroylsarcosine sodium salt,Sigma,L5777-50g,,
PMC13013760,Cell Reports,2026,"Chemicals, Peptides, and Recombinant Proteins",Proteinase K,NEB,P8107G,,
PMC13013760,Cell Reports,2026,"Chemicals, Peptides, and Recombinant Proteins","Dimethyl sulfoxide (DMSO) anhydrous, 10 × 3mL for resuspending dyes/ligands",Invitrogen,D12345,,
PMC13013760,Cell Reports,2026,"Chemicals, Peptides, and Recombinant Proteins",NuPAGE Sample Reducing Agent (10X),ThermoFisher,NP0009,,
PMC13013760,Cell Reports,2026,"Chemicals, Peptides, and Recombinant Proteins",NuPAGE LDS Sample Buffer (4X),ThermoFisher,NP0007,,
PMC13013760,Cell Reports,2026,Critical Commercial Assays,Neon electroporation system and 100 μL kit,ThermoFisher,MPK10096,,
PMC13013760,Cell Reports,2026,Critical Commercial Assays,Monarch PCR cleanup kit,NEB,T1030L,,
PMC13013760,Cell Reports,2026,Critical Commercial Assays,Qubit dsDNA Broad Range BR kit,ThermoFisher,Q32853,,
PMC13013760,Cell Reports,2026,Critical Commercial Assays,Qubit dsDNA High Sensitivity (HS) kit,ThermoFisher,Q33230,,
PMC13013760,Cell Reports,2026,Critical Commercial Assays,Qubit RNA Broad Range (BR) Assay Kit,ThermoFisher,Q10210,,
PMC13013760,Cell Reports,2026,Critical Commercial Assays,High Capacity cDNA kit,ThermoFisher,4387406,,
PMC13013760,Cell Reports,2026,Critical Commercial Assays,Pierce BCA Protein Assay Kit,ThermoFisher,23227,,
PMC13013760,Cell Reports,2026,Critical Commercial Assays,NEBNext UltraTMII DNA Library Prep Kit for Illumina,NEB,E7645,,
PMC13013760,Cell Reports,2026,Critical Commercial Assays,TapeStation High Sensitivity D1000 ScreenTape,Agilent,5067–5584,,
PMC13013760,Cell Reports,2026,Critical Commercial Assays,CUT&RUN Assay kit,Cell Signaling,86652S,,
PMC13013760,Cell Reports,2026,Critical Commercial Assays,Quant-seq 3′ mRNA-Seq Library Prep kit,Lexogen,191.24,,
PMC13013760,Cell Reports,2026,Critical Commercial Assays,qPCR Add-on Kit,Lexogen,208.96,,
PMC13013760,Cell Reports,2026,Critical Commercial Assays,ChromoTek GFP-Trap® Magnetic Particles M-270,Proteintech,gtd-20,,
PMC13013760,Cell Reports,2026,Critical Commercial Assays,Protein G Dynabeads™,Fisher,10004D,,
PMC13013760,Cell Reports,2026,Critical Commercial Assays,AMPure XP beads,Beckman Coulter,A63880,,
PMC13013760,Cell Reports,2026,Deposited Data,The high-throughput sequencing data from this study have been deposited to the GEO database grouped under SuperSeries GSE299618 .,https://www.ncbi.nlm.nih.gov/geo/,GEO: GSE299618,,
PMC13013760,Cell Reports,2026,Deposited Data,ChIP-seq,This study,GEO: GSE268266,,
PMC13013760,Cell Reports,2026,Deposited Data,CUT&RUN,This study,GEO: GSE299613,,
PMC13013760,Cell Reports,2026,Deposited Data,RNA-seq,This study,GEO: GSE299614,,
PMC13013760,Cell Reports,2026,Experimental Models: Cell Lines,HEK293T,ATCC,CRL-3216,,
PMC13013760,Cell Reports,2026,Experimental Models: Cell Lines,GP2-293,Clontech,631458,,
PMC13013760,Cell Reports,2026,Experimental Models: Cell Lines,CBP-Halo HEK293T (clonal),This paper,Available on request,,
PMC13013760,Cell Reports,2026,Experimental Models: Cell Lines,Doxycycline inducible CBP-WT-GFP HEK293T,This paper,Available on request,,
PMC13013760,Cell Reports,2026,Experimental Models: Cell Lines,Doxycycline inducible CBP-ΔIDR6-GFP HEK293T,This paper,Available on request,,
PMC13013760,Cell Reports,2026,Experimental Models: Cell Lines,Doxycycline inducible CBP-ΔIDR7-GFP HEK293T,This paper,Available on request,,
PMC13013760,Cell Reports,2026,Oligonucleotides,Primers for cloning,IDT,See Table S1,,
PMC13013760,Cell Reports,2026,Oligonucleotides,Primers for qPCR,IDT,See Table S1,,
PMC13013760,Cell Reports,2026,Oligonucleotides,Synthetic DNA sequences,IDT,See Table S1,,
PMC13013760,Cell Reports,2026,Oligonucleotides,CRISPR gene editing,IDT,See Table S1,,
PMC13013760,Cell Reports,2026,Recombinant DNA,pRetroX-pTRE3G,Clontech,Cat#631530,,
PMC13013760,Cell Reports,2026,Recombinant DNA,pRetroX-Tet3G,Clontech,Cat#631530,,
PMC13013760,Cell Reports,2026,Recombinant DNA,pVSV-G,Clontech,Cat#631530,,
PMC13013760,Cell Reports,2026,Recombinant DNA,pRetroX-TRE3G_CBP-GFP,This study,Addgene #221926,,
PMC13013760,Cell Reports,2026,Recombinant DNA,pRetroX-TRE3G_CBPΔIDR6-GFP,This study,Addgene #221927,,
PMC13013760,Cell Reports,2026,Recombinant DNA,pRetroX-TRE3G_CBPΔIDR7-GFP,This study,Addgene #221928,,
PMC13013760,Cell Reports,2026,Recombinant DNA,pAcGFP-N1_CBP,This study,Addgene #221903,,
PMC13013760,Cell Reports,2026,Recombinant DNA,pAcGFP-N1_CBPdIDR1,This study,Addgene #221904,,
PMC13013760,Cell Reports,2026,Recombinant DNA,pAcGFP-N1_CBPdIDR3,This study,Addgene #221905,,
PMC13013760,Cell Reports,2026,Recombinant DNA,pAcGFP-N1_CBPdIDR4,This study,Addgene #221906,,
PMC13013760,Cell Reports,2026,Recombinant DNA,pAcGFP-N1_CBPdIDR6,This study,Addgene #221907,,
PMC13013760,Cell Reports,2026,Recombinant DNA,pAcGFP-N1_CBPdIDR7,This study,Addgene #221908,,
PMC13013760,Cell Reports,2026,Recombinant DNA,pAcGFP-N1_CBPdCFID,This study,Addgene #221909,,
PMC13013760,Cell Reports,2026,Recombinant DNA,pAcGFP-N1_CBPdAL,This study,Addgene #221910,,
PMC13013760,Cell Reports,2026,Recombinant DNA,pAcGFP-N1_CBPKTG,This study,Addgene #221911,,
PMC13013760,Cell Reports,2026,Recombinant DNA,pAcGFP-N1_CBPdIDR6dAL,This study,Addgene #221912,,
PMC13013760,Cell Reports,2026,Recombinant DNA,pAcGFP-N1_CBPdIDR6KTG,This study,Addgene #221913,,
PMC13013760,Cell Reports,2026,Recombinant DNA,pAcGFP-N1_CBPdIDR7dAL,This study,Addgene #221914,,
PMC13013760,Cell Reports,2026,Recombinant DNA,pAcGFP-N1_CBPdIDR7KTG,This study,Addgene #221915,,
PMC13013760,Cell Reports,2026,Recombinant DNA,pAcGFP-N1_CBPdCFIDdAL,This study,Addgene #221916,,
PMC13013760,Cell Reports,2026,Recombinant DNA,pAcGFP-N1_CBPdCFIDKTG,This study,Addgene #221917,,
PMC13013760,Cell Reports,2026,Recombinant DNA,pHR-mCh-Cry2WT,Gift from Clifford Brangwynne,Addgene #101221,,
PMC13013760,Cell Reports,2026,Recombinant DNA,pHR-mCh-Cry2WT-NLS,This study,Addgene #221925,,
PMC13013760,Cell Reports,2026,Recombinant DNA,pHR-IDR1-mCh-Cry2WT-NLS,This study,Addgene #221918,,
PMC13013760,Cell Reports,2026,Recombinant DNA,pHR-IDR3-mCh-Cry2WT-NLS,This study,Addgene #221919,,
PMC13013760,Cell Reports,2026,Recombinant DNA,pHR-IDR4-mCh-Cry2WT-NLS,This study,Addgene #221920,,
PMC13013760,Cell Reports,2026,Recombinant DNA,pHR-AL-mCh-Cry2WT-NLS,This study,Addgene #221924,,
PMC13013760,Cell Reports,2026,Recombinant DNA,pHR-IDR6-mCh-Cry2WT-NLS,This study,Addgene #221921,,
PMC13013760,Cell Reports,2026,Recombinant DNA,pHR-IDR7-mCh-Cry2WT-NLS,This study,Addgene #221922,,
PMC13013760,Cell Reports,2026,Recombinant DNA,pHR-CFID-mCh-Cry2WT-NLS,This study,Addgene #221923,,
PMC13013760,Cell Reports,2026,Recombinant DNA,pAcGFP-N1_CBPΔIDR6H2-GFP,This study,Addgene #221929,,
PMC13013760,Cell Reports,2026,Recombinant DNA,pAcGFP-N1_CBPΔIDR7H1-GFP,This study,Addgene #221930,,
PMC13013760,Cell Reports,2026,Recombinant DNA,pAcGFP-N1_CBPIDR6-Shuffle-GFP,This study,Addgene #247245,,
PMC13013760,Cell Reports,2026,Recombinant DNA,pAcGFP-N1_CBPIDR7-Shuffle-GFP,This study,Addgene #247246,,
PMC13013760,Cell Reports,2026,Recombinant DNA,pSpCas9(BB)-2A-GFP (PX458),Gift from Feng Zhang,Addgene plasmid # 48138,,
PMC13013760,Cell Reports,2026,Software and Algorithms,UCSC CRISPR targets tool,https://genome.ucsc.edu/,N/A,,
PMC13013760,Cell Reports,2026,Software and Algorithms,Evaluation tool on the E-CRISP site,https://e-crisp.org/,N/A,,
PMC13013760,Cell Reports,2026,Software and Algorithms,Inference of CRISPR Edits (ICE),Synthego 57 ; https://ice.synthego.com/#/,N/A,,
PMC13013760,Cell Reports,2026,Software and Algorithms,ImageJ/Fiji,Schindelin et al. 58,N/A,,
PMC13013760,Cell Reports,2026,Software and Algorithms,Stack Registration (StackReg),Thévenaz et al. 59,N/A,,
PMC13013760,Cell Reports,2026,Software and Algorithms,Zen Blue software,Zeiss,N/A,,
PMC13013760,Cell Reports,2026,Software and Algorithms,Zeiss Arivis Pro/Vision4D version 3.4,Zeiss,N/A,,
PMC13013760,Cell Reports,2026,Software and Algorithms,R in RStudio,"R Core Team 60 , 61",N/A,,
PMC13013760,Cell Reports,2026,Software and Algorithms,GraphPad prism,Prism (San Diego 2022),N/A,,
PMC13013760,Cell Reports,2026,Software and Algorithms,FastQC v0.11.9,http://www.bioinformatics.babraham.ac.uk/projects/fastqc/,N/A,,
PMC13013760,Cell Reports,2026,Software and Algorithms,Cutadapt v3.4,Martin 62,N/A,,
PMC13013760,Cell Reports,2026,Software and Algorithms,Trim Galore,https://www.bioinformatics.babraham.ac.uk/projects/trim_galore/,N/A,,
PMC13013760,Cell Reports,2026,Software and Algorithms,"Burrows-Wheeler Alignment, v0.7.17-r1188",Li and Durbin 63,N/A,,
PMC13013760,Cell Reports,2026,Software and Algorithms,Picard v2.27.4,https://broadinstitute.github.io/picard/,N/A,,
PMC13013760,Cell Reports,2026,Software and Algorithms,SAMTools v1.15.1,Li et al. 64,N/A,,
PMC13013760,Cell Reports,2026,Software and Algorithms,Bedtools v2.30.0,Quinlan and Hall 65,N/A,,
PMC13013760,Cell Reports,2026,Software and Algorithms,"UCSC utilities, bedGraphToBigWig v377",Kent et al. 66,N/A,,
PMC13013760,Cell Reports,2026,Software and Algorithms,MACS2 v2.2.7.1,Zhang et al. 67,N/A,,
PMC13013760,Cell Reports,2026,Software and Algorithms,Nextflow ChIP-seq pipeline v2.00,Ewels et al. 68,N/A,,
PMC13013760,Cell Reports,2026,Software and Algorithms,Bedtools v2.31.0,Favorov et al. 45,N/A,,
PMC13013760,Cell Reports,2026,Software and Algorithms,"DeepTools v3.5.5 (ChIP-Seq), v3.5.3 (CUT&RUN)",Ramirez et al. 69,N/A,,
PMC13013760,Cell Reports,2026,Software and Algorithms,bowtie2 v2.5.4,Langmead et al. 70,N/A,,
PMC13013760,Cell Reports,2026,Software and Algorithms,featureCounts v2.0.6,Liao et al. 71,N/A,,
PMC13013760,Cell Reports,2026,Software and Algorithms,DEseq2 v1.40.2,Love et al. 72,N/A,,
PMC13013760,Cell Reports,2026,Software and Algorithms,MACS3 v3.0.0b1,Zhang et al. 67,N/A,,
PMC13013760,Cell Reports,2026,Software and Algorithms,STAR v2.7.6,Dobin et al. 73,N/A,,
PMC13013760,Cell Reports,2026,Software and Algorithms,DISOPRED3,Jones and Cozzetto 24,N/A,,
PMC13013760,Cell Reports,2026,Software and Algorithms,"PONDR, VSL2 predictor",Xue et al. 25,N/A,,
PMC13013760,Cell Reports,2026,Software and Algorithms,localCIDER,Holehouse et al. 35,N/A,,
PMC13013760,Cell Reports,2026,Software and Algorithms,PLAAC analysis,Lancaster et al. 37,N/A,,
PMC13013760,Cell Reports,2026,Software and Algorithms,GOOSE,Hunter et al. 38,N/A,,
PMC13013760,Cell Reports,2026,Software and Algorithms,AlphaFold version 2.3.2,Jumper et al. 26,N/A,,
PMC13013760,Cell Reports,2026,Software and Algorithms,UCSF ChimeraX,Pettersen et al. 74,N/A,,
PMC13013760,Cell Reports,2026,Other,FACSMelody cell sorter,BD Biosciences,N/A,,
PMC13013760,Cell Reports,2026,Other,Quantstudio 12K Flex,Applied Biosystems,N/A,,
PMC13013760,Cell Reports,2026,Other,Illumina NovaSeq 6000 platform,Novogene,N/A,,
PMC13077653,Cell Reports,2026,Antibodies,CD45-APC,BioLegend,Cat#103112; RRID:AB_312977,,
PMC13077653,Cell Reports,2026,Antibodies,Ly6G-PE,BioLegend,Cat#127608; RRID:AB_1186099,,
PMC13077653,Cell Reports,2026,Antibodies,F4/80-PECy7,BioLegend,Cat#123114; RRID:AB_893478,,
PMC13077653,Cell Reports,2026,Antibodies,Ly6C-PerCP-Cy5.5,BD Biosciences,Cat#560525; RRID:AB_1727558,,
PMC13077653,Cell Reports,2026,Antibodies,CD11b-Pacific Blue,BioLegend,Cat#101224; RRID:AB_755985,,
PMC13077653,Cell Reports,2026,Antibodies,CD45.1-BV711,BioLegend,Cat#110739; RRID: AB_2562605,,
PMC13077653,Cell Reports,2026,Antibodies,CD45.2-APC,BioLegend,Cat#109814; RRID: AB_389210,,
PMC13077653,Cell Reports,2026,Antibodies,CD11b-AF700,BioLegend,Cat#101222; RRID: AB_493705,,
PMC13077653,Cell Reports,2026,Antibodies,MHC Class II-BV605,BioLegend,Cat#107639; RRID: AB_2565894,,
PMC13077653,Cell Reports,2026,Antibodies,Ly6C-APC-Cy7,BD Biosciences,Cat#560596; RRID: AB_1727555,,
PMC13077653,Cell Reports,2026,Antibodies,IL-10-PE/Cyanine7,BioLegend,Cat#505026; RRID:AB_11149682,,
PMC13077653,Cell Reports,2026,Antibodies,IL-1β-APC-eFluor 780,Invitrogen,Cat#47711482; RRID:AB_2573996,,
PMC13077653,Cell Reports,2026,Antibodies,TNF-PerCP/Cyanine5.5,BioLegend,Cat#506322; RRID:AB_961434,,
PMC13077653,Cell Reports,2026,Antibodies,IL-6-APC,BioLegend,Cat#504508; RRID:AB_10694868,,
PMC13077653,Cell Reports,2026,Antibodies,CD45-Pacific Blue,BioLegend,Cat#103126; RRID:AB_493535,,
PMC13077653,Cell Reports,2026,Antibodies,Anti-Puromycin Alexa Fluor 647,Gammaomics,RRID:AB_2827926,,
PMC13077653,Cell Reports,2026,Antibodies,Ly6G-Alexa Fluor 647,BioLegend,Cat#127609; RRID:AB_1134162,,
PMC13077653,Cell Reports,2026,Antibodies,Biotin Anti-GFP,Abcam,Cat#ab6658; RRID:AB_305631,,
PMC13077653,Cell Reports,2026,Antibodies,Alexa Fluor 488 Streptavidin,Jackson ImmunoResearch,Cat#016-540-084; RRID:AB_2337249,,
PMC13077653,Cell Reports,2026,Antibodies,Anti-mouse CD3ε,BioLegend,Cat#100359; RRID:AB_2616673,,
PMC13077653,Cell Reports,2026,Antibodies,Anti-mouse CD28,BioLegend,Cat#102116; RRID:AB_11147170,,
PMC13077653,Cell Reports,2026,Antibodies,APC Anti-GFP,BioLegend,Cat#338010; RRID:AB_2650669,,
PMC13077653,Cell Reports,2026,Bacterial and Virus Strains,Staphylococcus aureus USA300 LAC 13C,Laboratory stock,N/A,,
PMC13077653,Cell Reports,2026,"Chemicals, Peptides, and Recombinant Proteins",TaqMan Gene Expression Master Mix,Applied Biosystems,4369016,,
PMC13077653,Cell Reports,2026,"Chemicals, Peptides, and Recombinant Proteins",Seahorse XFe96 FluxPak mini,Agilent,103793–100,,
PMC13077653,Cell Reports,2026,"Chemicals, Peptides, and Recombinant Proteins",Invitrogen eBioscience Cell Proliferation Dye eFluor ™ 670,Thermo Fisher Scientific,50-112-8751,,
PMC13077653,Cell Reports,2026,"Chemicals, Peptides, and Recombinant Proteins",UltraComp eBeads Compensation Beads,Invitrogen,01-2222-42,,
PMC13077653,Cell Reports,2026,"Chemicals, Peptides, and Recombinant Proteins",TruStain FcX (anti-mouse CD16/32) Antibody,BioLegend,101320,,
PMC13077653,Cell Reports,2026,"Chemicals, Peptides, and Recombinant Proteins",Zombie UV Fixable Viability Kit,BioLegend,423108,,
PMC13077653,Cell Reports,2026,"Chemicals, Peptides, and Recombinant Proteins",Zombie NIR Fixable Viability Kit,BioLegend,423106,,
PMC13077653,Cell Reports,2026,"Chemicals, Peptides, and Recombinant Proteins",2-NBDG,Cayman Chemical,11046,,
PMC13077653,Cell Reports,2026,"Chemicals, Peptides, and Recombinant Proteins",Mitotracker Green FM,Cell Signaling Technology,9074S,,
PMC13077653,Cell Reports,2026,"Chemicals, Peptides, and Recombinant Proteins",MitoSOX,Invitrogen,M36008,,
PMC13077653,Cell Reports,2026,"Chemicals, Peptides, and Recombinant Proteins",MitoPY1,Tocris,4428,,
PMC13077653,Cell Reports,2026,"Chemicals, Peptides, and Recombinant Proteins",MitoTracker Deep Red FM,Cell Signaling Technology,8778S,,
PMC13077653,Cell Reports,2026,"Chemicals, Peptides, and Recombinant Proteins",CellTracker Violet BMQC,Invitrogen,C10094,,
PMC13077653,Cell Reports,2026,"Chemicals, Peptides, and Recombinant Proteins",Rhodamine Phalloidin,Biotium,00027,,
PMC13077653,Cell Reports,2026,"Chemicals, Peptides, and Recombinant Proteins",Paraformaldehyde 16% Aqueous Solution EM Grade,Electron Microscopy Sciences,15710,,
PMC13077653,Cell Reports,2026,"Chemicals, Peptides, and Recombinant Proteins",Gap26,Cayman Chemical,36625,,
PMC13077653,Cell Reports,2026,"Chemicals, Peptides, and Recombinant Proteins",CD3/CD28 Dynabeads,Thermo Fisher Scientific,11452D,,
PMC13077653,Cell Reports,2026,"Chemicals, Peptides, and Recombinant Proteins",Anti-Ly6G beads,Miltenyi Biotech,130-120-337,,
PMC13077653,Cell Reports,2026,"Chemicals, Peptides, and Recombinant Proteins",2-deoxy-glucose,Cayman Chemical,14325,,
PMC13077653,Cell Reports,2026,"Chemicals, Peptides, and Recombinant Proteins",Oligomycin,Cayman Chemical,11342,,
PMC13077653,Cell Reports,2026,"Chemicals, Peptides, and Recombinant Proteins",FCCP,Cayman Chemical,15218,,
PMC13077653,Cell Reports,2026,"Chemicals, Peptides, and Recombinant Proteins",Rotenone,Cayman Chemical,13995,,
PMC13077653,Cell Reports,2026,"Chemicals, Peptides, and Recombinant Proteins",Antimycin A,Cayman Chemical,34799,,
PMC13077653,Cell Reports,2026,"Chemicals, Peptides, and Recombinant Proteins",RPMI-1640,Cytiva HyClone,SH30027.02,,
PMC13077653,Cell Reports,2026,"Chemicals, Peptides, and Recombinant Proteins",L-Glutamine,Cytiva HyClone,SH30034.01,,
PMC13077653,Cell Reports,2026,"Chemicals, Peptides, and Recombinant Proteins",Antibiotic/Antimycotic Solution,Cytiva HyClone,SV30079.01,,
PMC13077653,Cell Reports,2026,"Chemicals, Peptides, and Recombinant Proteins",HEPES,Cytiva HyClone,SH30237.01,,
PMC13077653,Cell Reports,2026,"Chemicals, Peptides, and Recombinant Proteins",G-CSF,BioLegend,574608,,
PMC13077653,Cell Reports,2026,"Chemicals, Peptides, and Recombinant Proteins",GM-CSF,BioLegend,576308,,
PMC13077653,Cell Reports,2026,"Chemicals, Peptides, and Recombinant Proteins",IL-6,BioLegend,575708,,
PMC13077653,Cell Reports,2026,"Chemicals, Peptides, and Recombinant Proteins",N-Acetyl-L-cysteine,Thermo Fisher Scientific,160280250,,
PMC13077653,Cell Reports,2026,"Chemicals, Peptides, and Recombinant Proteins",L-NIL,Cayman Chemical,80310,,
PMC13077653,Cell Reports,2026,"Chemicals, Peptides, and Recombinant Proteins",nor-NOHA,Cayman Chemical,10006861,,
PMC13077653,Cell Reports,2026,"Chemicals, Peptides, and Recombinant Proteins",CAY10452,Cayman Chemical,10075,,
PMC13077653,Cell Reports,2026,Critical Commercial Assays,SMART-Seq v4 Ultra Low Input RNA Kit,Takara Bio,634888,,
PMC13077653,Cell Reports,2026,Critical Commercial Assays,Nextera XT DNA Library Prep kit,Illumina,FC-131-1024,,
PMC13077653,Cell Reports,2026,Critical Commercial Assays,Mitochondria Isolation Kit,Abcam,ab110170,,
PMC13077653,Cell Reports,2026,Critical Commercial Assays,Quick-RNA Microprep Kit,Zymo Research,R1050,,
PMC13077653,Cell Reports,2026,Critical Commercial Assays,Wizard Genomic DNA Purification Kit,Promega,A1120,,
PMC13077653,Cell Reports,2026,Critical Commercial Assays,MojoSort Mouse CD4 T cell Isolation Kit,BioLegend,480006,,
PMC13077653,Cell Reports,2026,Critical Commercial Assays,ELISA MAX Standard Set Mouse MCP-1,BioLegend,432701,,
PMC13077653,Cell Reports,2026,Critical Commercial Assays,Foxp3/Transcription Factor Staining Buffer Kit,Tonbo Biosciences,TNB-0607-KIT,,
PMC13077653,Cell Reports,2026,Critical Commercial Assays,ATPlite Luminescence Assay System,Revvity Health Sciences,6016943,,
PMC13077653,Cell Reports,2026,Critical Commercial Assays,Cytometric Bead Array,BD Biosciences,552364,,
PMC13077653,Cell Reports,2026,Critical Commercial Assays,MILLIPLEX MAP Mouse Cyto/Chemo MAG 25plex,Millipore Sigma,MCYTMAG70PMX25BK,,
PMC13077653,Cell Reports,2026,Deposited Data,G-MDSC bulk-RNA seq,This paper,GEO: GSE295742,,
PMC13077653,Cell Reports,2026,Deposited Data,PJI Tissue scRNA-seq,This paper,GEO: GSE313764,,
PMC13077653,Cell Reports,2026,Deposited Data,Metabolomics data,This paper,https://doi.org/10.21228/M84P2S,,
PMC13077653,Cell Reports,2026,Deposited Data,Source data for figures,This paper,https://doi.org/10.17632/rr8fscwk9v.1,,
PMC13077653,Cell Reports,2026,Experimental Models: Organisms/Strains,C57BL/6J,The Jackson Laboratory,RRID:IMSR_JAX:000664,,
PMC13077653,Cell Reports,2026,Experimental Models: Organisms/Strains,C57BL/6J- Ptprc em6Lutzy /J,The Jackson Laboratory,RRID:IMSR_JAX:033076,,
PMC13077653,Cell Reports,2026,Experimental Models: Organisms/Strains,Myd88 −/−,The Jackson Laboratory,RRID:IMSR_JAX:009088,,
PMC13077653,Cell Reports,2026,Experimental Models: Organisms/Strains,Sting −/−,The Jackson Laboratory,RRID:IMSR_JAX:025805,,
PMC13077653,Cell Reports,2026,Experimental Models: Organisms/Strains,Acod1 −/−,The Jackson Laboratory,RRID:IMSR_JAX:029340,,
PMC13077653,Cell Reports,2026,Experimental Models: Organisms/Strains,MitoTag,The Jackson Laboratory,RRID:IMSR_JAX:032290,,
PMC13077653,Cell Reports,2026,Experimental Models: Organisms/Strains,Cx3cr1 Cre,The Jackson Laboratory,RRID: IMSR_JAX:025524,,
PMC13077653,Cell Reports,2026,Oligonucleotides,Beta-actin,Thermo Fisher Scientific,Mm02619580_g1,,
PMC13077653,Cell Reports,2026,Oligonucleotides,mt-Atp6,Thermo Fisher Scientific,Mm03649417_g1,,
PMC13077653,Cell Reports,2026,Oligonucleotides,mt-Co3-F (CGAAACCACATAAATCAAGCCC),IDT,N/A,,
PMC13077653,Cell Reports,2026,Oligonucleotides,mt-Co3-R (CTCTCTTCTGGGTTTATTCAGA),IDT,N/A,,
PMC13077653,Cell Reports,2026,Software and Algorithms,FlowJo v.10.10.0,BD Life Sciences,https://www.flowjo.com/,,
PMC13077653,Cell Reports,2026,Software and Algorithms,Partek Flow,Illumina,https://www.illumina.com/products/by-type/informatics-products/partek-flow.html,,
PMC13077653,Cell Reports,2026,Software and Algorithms,ZEN Microscopy Software,Carl Zeiss,https://www.zeiss.com/microscopy/en/products/software/zeiss-zen.html,,
PMC13077653,Cell Reports,2026,Software and Algorithms,GraphPad Prism 10,GraphPad Software,https://www.graphpad.com,,
PMC13077653,Cell Reports,2026,Software and Algorithms,Seahorse Wave Desktop Software,Agilent,https://www.agilent.com/en/product/cell-analysis/real-time-cell-metabolic-analysis/xf-software/seahorse-wave-desktop-software-740897,,
PMC13077653,Cell Reports,2026,Software and Algorithms,Compound Discoverer Software,Thermo Fisher Scientific,https://www.thermofisher.com/us/en/home/industrial/mass-spectrometry/liquid-chromatography-mass-spectrometry-lc-ms/lc-ms-software/multi-omics-data-analysis/compound-discoverer-software.html?erpType=Global_E1,,
PMC13077653,Cell Reports,2026,Software and Algorithms,R studio,RStudio,https://www.r-project.org/,,
PMC13077653,Cell Reports,2026,Software and Algorithms,BioRender,BioRender,https://www.biorender.com/,,
PMC13077653,Cell Reports,2026,Software and Algorithms,Cell Ranger Multi v9.0.1,10X Genomics,https://www.10xgenomics.com/support/software/cell-ranger/latest,,
PMC13077653,Cell Reports,2026,Software and Algorithms,Belysa ® Analyst software,Millipore Sigma,https://www.sigmaaldrich.com/US/en/services/software-and-digital-platforms/belysa-immunoassay-curve-fitting-software?srsltid=AfmBOopRWb9BlGfvLvXH2pSmbcbc3h4W7Ucp6AJEPf8Y3pg1CdQCSSxD,,
PMC13013405,Cell Reports,2026,Bacterial and Virus Strains,Escherichia coli DH5α,Thermo fisher,EC0112,,
PMC13013405,Cell Reports,2026,Bacterial and Virus Strains,Agrobacterium tumefaciens GV3101,Gold Bio,CC-207-5x50,,
PMC13013405,Cell Reports,2026,"Chemicals, Peptides, and Recombinant Proteins",Propidium iodide,Sigma-Aldrich,P4864-10ML,,
PMC13013405,Cell Reports,2026,"Chemicals, Peptides, and Recombinant Proteins",Calcofluor white,Sigma-Aldrich,18909-100ML-F,,
PMC13013405,Cell Reports,2026,"Chemicals, Peptides, and Recombinant Proteins",Murashige and Skoog medium,Getter,YM-M0222-0050,,
PMC13013405,Cell Reports,2026,"Chemicals, Peptides, and Recombinant Proteins",Plant agar,Getter,YM-P1001-1000,,
PMC13013405,Cell Reports,2026,"Chemicals, Peptides, and Recombinant Proteins",HEPES-based kulori buffer,Sigma-Aldrich,H4034-25G,,
PMC13013405,Cell Reports,2026,Critical Commercial Assays,Plasmid Miniprep Kit,Sigma-Aldrich,ZYMD4068,,
PMC13013405,Cell Reports,2026,Critical Commercial Assays,Plasmid Maxiprep Kit,Qiagen,20–12162,,
PMC13013405,Cell Reports,2026,Critical Commercial Assays,mMessage mMachine T7 Kit,Invitrogen,N/A,,
PMC13013405,Cell Reports,2026,Critical Commercial Assays,Drummond NANOJECT II,Drummond Scientific Company,N/A,,
PMC13013405,Cell Reports,2026,Deposited Data,PRJNA1397588,https://www.ncbi.nlm.nih.gov/sra/PRJNA1397588,"Arabidopsis Sequencing of sgRNA multiplex insertion. Sub Accessions : SRX31678850, SRX31678849, SRX31678848, SRX31678847, SRX31678846",,
PMC13013405,Cell Reports,2026,Deposited Data,PRJNA1397745,https://www.ncbi.nlm.nih.gov/sra/PRJNA1397745,Bacteria Agrobacterium - Sequencing transformant colonies for multiplex insertion. Sub Accession : SRX31678951 E.coli - Sequencing transformant colonies for multiplex insertion. Sub Accession : SRX31678950,,
PMC13013405,Cell Reports,2026,Experimental Models: Organisms/Strains,"Arabidopsis transfer DNA lines ( Figure 6 ): hma2, hma3, hma4, er-ant1, aac2, pin3, pin4, pin7",Salk Institute,"SALK_073511C, SALK_034393, SALK_050924, SALK_043626, SALK_207505C, SALK_113246C, CS9368, SALK_048791C",,
PMC13013405,Cell Reports,2026,Experimental Models: Organisms/Strains,"Arabidopsis transfer DNA lines ( Figure 7 ): sweer11, sweet12, sweet13, sweet14, sweet11/12, sweet 13/14",Salk Institute,"SALK_073269C, SALK_031696C, SALK_087791C, SALK_010224C, CS68845, CS2110217",,
PMC13013405,Cell Reports,2026,Experimental Models: Organisms/Strains,"Arabidopsis transfer DNA lines: sultr1;1, sultr1;2",Rouached et al. 61 www.plantphysiol.org/cgi https://doi.org/10.1104/pp.108.118612,N/A,,
PMC13013405,Cell Reports,2026,Experimental Models: Organisms/Strains,"Arabidopsis transfer DNA lines: irt1, irt2",Vert et al. 59 https://doi.org/10.1007/s00425-009-0904-8,N/A,,
PMC13013405,Cell Reports,2026,Experimental Models: Organisms/Strains,pCORI3:GUS:mCitrine,Procko et al. 54 https://doi.org/10.1093/plcell/koac167,N/A,,
PMC13013405,Cell Reports,2026,Experimental Models: Organisms/Strains,pML1:H2B-GFP,Savaldi-Goldstein et al. 87 https://doi.org/10.1038/nature05618,N/A,,
PMC13013405,Cell Reports,2026,Experimental Models: Organisms/Strains,pKST1:GFP,Kelly et al. 50 https://doi.org/10.1093/jxb/erx159,N/A,,
PMC13013405,Cell Reports,2026,Experimental Models: Organisms/Strains,"pSIG6:GUS, pPGP4:GUS",Anfang et al. 88 https://doi.org/10.1093/plphys/kiaf682,N/A,,
PMC13013405,Cell Reports,2026,Experimental Models: Organisms/Strains,"pSCR:YFP, pSUC2:YFP",Anfang et al. 88 https://doi.org/10.1093/plphys/kiaf682,N/A,,
PMC13013405,Cell Reports,2026,Oligonucleotides,Multiplex and single CRISPR libraries sgRNAs,This paper,Data S1,,
PMC13013405,Cell Reports,2026,Recombinant DNA,pRPS5a:zCas9i CRISPR vectors,https://www.addgene.org/153210/,pAGM55621,,
PMC13013405,Cell Reports,2026,Recombinant DNA,Cell-type-specific Cas9 vectors,Grützner et al. 57 ; https://doi.org/10.1016/j.xplc.2020.100135,"pAGM47523 (Level 0 zCas9i vector), pICH47742 (Empty Backbone), pAGT5472 (L1, LacZ), pAGM55145 (L1, ole citrine), pICH41780 (L1 vector), pAGM35171 (Level 1 position 1 part containing the Nos promoter, the BAR gene, and the Ocs terminator), pICH49344 (for L1 construction, nosT), and pAGM4723 (L2 acceptor vector)",,
PMC13013405,Cell Reports,2026,Software and Algorithms,ZEN software (Zeiss),https://www.zeiss.com/microscopy/en/products/software/zeiss-zen.html,Zen Blue,,
PMC13013405,Cell Reports,2026,Software and Algorithms,ImageJ,https://imagej.net/ij/,N/A,,
PMC13013405,Cell Reports,2026,Software and Algorithms,SnapGene (for alignment and sequence cloning),https://www.snapgene.com/,SnapGene 8.2,,
PMC13013405,Cell Reports,2026,Software and Algorithms,Python,"Used for data analysis, no custom code generated",https://www.python.org/,,
PMC13013405,Cell Reports,2026,Software and Algorithms,CRISPys,Hyams et al. 43 ; https://doi.org/10.1016/j.jmb.2018.03.019,N/A,,
PMC13013405,Cell Reports,2026,Software and Algorithms,GraphPad-PRISM,https://www.graphpad.com/features,N/A,,
PMC13013405,Cell Reports,2026,Other,CRISPR-Guide-map for all barcoded plants,This paper,Data S1,,
PMC13091039,Cell Reports,2026,Antibodies,Mouse anti-GRK4-6 A16/17,Millipore,Cat #05-466; RRID:AB_11213523,,
PMC13091039,Cell Reports,2026,Antibodies,Mouse anti-GRK2/3 C5/1.1,Millipore,Cat #05-465; RRID:AB_11213371,,
PMC13091039,Cell Reports,2026,Antibodies,Mouse anti-Renilla Luciferase,Millipore,Cat #MAB4400; RRID:AB_95116,,
PMC13091039,Cell Reports,2026,Antibodies,Mouse anti-β-Actin AC-74,Sigma-Aldrich,Cat #A5316; RRID:AB_476743,,
PMC13091039,Cell Reports,2026,Antibodies,Rabbit polyclonal anti-GRK5,Thermo Fisher Scientific,Cat #PA5-96262; RRID:AB_2808064,,
PMC13091039,Cell Reports,2026,Antibodies,Rabbit anti-phospho-p38 MAPK T180/Y182,Cell Signaling Technology,Cat #4511; RRID:AB_2139682,,
PMC13091039,Cell Reports,2026,Antibodies,Rabbit anti-p38 MAPK polyclonal,Cell Signaling Technology,Cat #9212; RRID:AB_330713,,
PMC13091039,Cell Reports,2026,Antibodies,Rabbit monoclonal anti-phospho-Akt-S473 D9E,Cell Signaling Technology,Cat #4060; RRID:AB_2315049,,
PMC13091039,Cell Reports,2026,Antibodies,Rabbit anti-Akt polyclonal,Cell Signaling Technology,Cat #9272; RRID:AB_329827,,
PMC13091039,Cell Reports,2026,Antibodies,Rat anti-GFP c3H9,ChromoTek,Cat #3h9; RRID:AB_10773374,,
PMC13091039,Cell Reports,2026,Antibodies,Rabbit anti-PAR1 polyclonal antibody C5433,Paing et al. 55,N/A,,
PMC13091039,Cell Reports,2026,Antibodies,Goat anti-mouse horseradish peroxidase (HRP),Bio-Rad,Cat #170-6516; RRID:AB_11125547,,
PMC13091039,Cell Reports,2026,Antibodies,Goat anti-rabbit horseradish peroxidase (HRP),Bio-Rad,Cat #170-6515; RRID:AB_11125142,,
PMC13091039,Cell Reports,2026,Antibodies,Goat anti-mouse cross absorbed Alexa Fluor 488,Thermo Fisher Scientific,Cat #A-11001; RRID:AB_2534069,,
PMC13091039,Cell Reports,2026,"Chemicals, Peptides, and Recombinant Proteins","DAPI (4',6-diamidino-2-phenylindole)",Thermo Fisher Scientific,Cat #D-1306,,
PMC13091039,Cell Reports,2026,"Chemicals, Peptides, and Recombinant Proteins",α-thrombin,Enzyme Research Laboratories,Cat #HT 1002a,,
PMC13091039,Cell Reports,2026,"Chemicals, Peptides, and Recombinant Proteins",Activated Protein C,Prolytix,Cat #HCAPC-0080,,
PMC13091039,Cell Reports,2026,"Chemicals, Peptides, and Recombinant Proteins",Vorapaxar,Axon MedChem,Cat #1755,,
PMC13091039,Cell Reports,2026,"Chemicals, Peptides, and Recombinant Proteins",Coelentrazine H,Biotium,Cat #1011-1,,
PMC13091039,Cell Reports,2026,"Chemicals, Peptides, and Recombinant Proteins",ProLong Gold Antifade Mountant,Invitrogen,Cat # P10144,,
PMC13091039,Cell Reports,2026,"Chemicals, Peptides, and Recombinant Proteins",Endothelial cell growth medium,Lonza,Cat #CC-3162,,
PMC13091039,Cell Reports,2026,"Chemicals, Peptides, and Recombinant Proteins","1-Step ABTS (2,2'-azino-bis(3-ethylbenzothiazoline-6-sulfonici acid)) substrate solution",Thermo Fisher Scientific,Cat #37615,,
PMC13091039,Cell Reports,2026,"Chemicals, Peptides, and Recombinant Proteins",TransIT-X2 System,Mirus,Cat #MIR 6000,,
PMC13091039,Cell Reports,2026,"Chemicals, Peptides, and Recombinant Proteins",Fetal bovine serum,Gibco,Cat #10437-028,,
PMC13091039,Cell Reports,2026,"Chemicals, Peptides, and Recombinant Proteins",Dulbecco's Modified Eagle Medium,Corning,Cat # 10-013-CV,,
PMC13091039,Cell Reports,2026,"Chemicals, Peptides, and Recombinant Proteins",DMEM without phenol red,Gibco,Cat #31053-028,,
PMC13091039,Cell Reports,2026,Critical Commercial Assays,Pierce bicinchoninic acid (BCA) protein assay,ThermoFisher Scientific,#A55860,,
PMC13091039,Cell Reports,2026,Critical Commercial Assays,Direct-zol RNA Miniprep Plus Kit,Zymo Research,#R2072,,
PMC13091039,Cell Reports,2026,Critical Commercial Assays,SuperScript IV VILO Master Mix with ezDNase enzyme kit,Thermo Fisher Scientific,#111766050,,
PMC13091039,Cell Reports,2026,Critical Commercial Assays,TaqMan Fast Advanced Master Mix,Thermo Fisher Scientific,#4444964,,
PMC13091039,Cell Reports,2026,Critical Commercial Assays,TC-FlAsH In-Cell Tetracysteine Tag Detection Kit,Thermo Fisher Scientific,# T34561,,
PMC13091039,Cell Reports,2026,Critical Commercial Assays,Gibson Assembly Master Mix,New England Biolabs,#E2611L,,
PMC13091039,Cell Reports,2026,Deposited Data,Coordinates of PAR1 AF3 model ensembles,Zenodo,https://doi.org/10.5281/zenodo.18816262,,
PMC13091039,Cell Reports,2026,Experimental Models: Cell Lines,HUVEC,Lonza,#C2519A,,
PMC13091039,Cell Reports,2026,Experimental Models: Cell Lines,HUVEC-derived endothelial EA.hy926 cells,ATCC,#CRL-2922,,
PMC13091039,Cell Reports,2026,Experimental Models: Cell Lines,HEK293A parental cells,O'Hayre et al. 37 ; Saito et al. 62,N/A,,
PMC13091039,Cell Reports,2026,Experimental Models: Cell Lines,"HEK293A CRISPR-Cas9 β-arrestin-1,2 KO cells",O'Hayre et al. 37 ; Saito et al. 62,N/A,,
PMC13091039,Cell Reports,2026,Experimental Models: Cell Lines,"HEK293A GRK 2,3,5,6 KO cells",O'Hayre et al. 37 ; Saito et al. 62,N/A,,
PMC13091039,Cell Reports,2026,Experimental Models: Cell Lines,HeLa-PAR1 cells,Paing et al. 54,N/A,,
PMC13091039,Cell Reports,2026,Oligonucleotides,GRK2 #1 siRNA 5'-CCGGGAGATCTTCGACTCATA-3',Qiagen,#SI00287378,,
PMC13091039,Cell Reports,2026,Oligonucleotides,GRK5 #5 siRNA 5'-AGCGTCATAACTAGAACTGAA-3',Qiagen,#SI00287770,,
PMC13091039,Cell Reports,2026,Oligonucleotides,AllStars non-specific siRNA,Qiagen,#1027281,,
PMC13091039,Cell Reports,2026,Oligonucleotides,GRK2 Taqman probe FAM-MGB,ThermoFisher Scientific,#Hs00176395,,
PMC13091039,Cell Reports,2026,Oligonucleotides,GRK3 Taqman probe FAM-MGB,ThermoFisher Scientific,#Hs00178266,,
PMC13091039,Cell Reports,2026,Oligonucleotides,GRK5 Taqman probe FAM-MGB,ThermoFisher Scientific,#Hs00992173,,
PMC13091039,Cell Reports,2026,Oligonucleotides,GRK6 Taqman probe FAM-MGB,ThermoFisher Scientific,#Hs00357776,,
PMC13091039,Cell Reports,2026,Oligonucleotides,18S Taqman probe VIC-MGB,ThermoFisher Scientific,#Hs03003631_g1,,
PMC13091039,Cell Reports,2026,Recombinant DNA,GRK5 wildtype (WT) pcDNA3 plasmid,Thiyagarajan et al. 32 ; Xu et al. 63,N/A,,
PMC13091039,Cell Reports,2026,Recombinant DNA,GRK5 K214R mutant pcDNA3 plasmid,Thiyagarajan et al. 32 ; Xu et al. 63,N/A,,
PMC13091039,Cell Reports,2026,Recombinant DNA,GRK5 4A mutant pcDNA3 plasmid,Thiyagarajan et al. 32 ; Xu et al. 63,N/A,,
PMC13091039,Cell Reports,2026,Recombinant DNA,PAR1 WT-YFP in pRK6 plasmid,Ayoub et al. 64,N/A,,
PMC13091039,Cell Reports,2026,Recombinant DNA,PAR1 0P mutant-YFP pRK6 plasmid,This paper,N/A,,
PMC13091039,Cell Reports,2026,Recombinant DNA,PAR1 hel8 mutant YFP pRK6 plasmid,This paper,N/A,,
PMC13091039,Cell Reports,2026,Recombinant DNA,PAR1 dP2 mutant-YFP pRK6 plasmid,This paper,N/A,,
PMC13091039,Cell Reports,2026,Recombinant DNA,PAR1 dP3 mutant-YFP pRK6 plasmid,This paper,N/A,,
PMC13091039,Cell Reports,2026,Recombinant DNA,EPCR-Halo pcDNA3,This paper,N/A,,
PMC13091039,Cell Reports,2026,Recombinant DNA,Rluc-βarr2 WT pcDNA3,This paper,N/A,,
PMC13091039,Cell Reports,2026,Recombinant DNA,Nluc-βarr2 WT pcDNA3,Haider et al. 39,N/A,,
PMC13091039,Cell Reports,2026,Recombinant DNA,Nluc-βarr2 dFLR pcDNA3,Haider et al. 39,N/A,,
PMC13091039,Cell Reports,2026,Recombinant DNA,Nluc-βarr1 WT pcDNA3,Haider et al. 39,N/A,,
PMC13091039,Cell Reports,2026,Recombinant DNA,Nluc-βarr1 dFLR pcDNA3,Haider et al. 39,N/A,,
PMC13091039,Cell Reports,2026,Recombinant DNA,βarr2-FlAsH1-Nluc pcDNA3,Haider et al. 39,N/A,,
PMC13091039,Cell Reports,2026,Recombinant DNA,βarr2-FlAsH2-Nluc pcDNA3,Haider et al. 39,N/A,,
PMC13091039,Cell Reports,2026,Recombinant DNA,βarr2-FlAsH3-Nluc pcDNA3,Haider et al. 39,N/A,,
PMC13091039,Cell Reports,2026,Recombinant DNA,βarr2-FlAsH4-Nluc pcDNA3,Haider et al. 39,N/A,,
PMC13091039,Cell Reports,2026,Recombinant DNA,βarr2-FlAsH5-Nluc pcDNA3,Haider et al. 39,N/A,,
PMC13091039,Cell Reports,2026,Recombinant DNA,βarr2-FlAsH7-Nluc pcDNA3,Haider et al. 39,N/A,,
PMC13091039,Cell Reports,2026,Recombinant DNA,βarr2-FlAsH9-Nluc pcDNA3,Haider et al. 39,N/A,,
PMC13091039,Cell Reports,2026,Recombinant DNA,βarr2-FlAsH10-Nluc pcDNA3,Haider et al. 39,N/A,,
PMC13091039,Cell Reports,2026,Software and Algorithms,"AlphaFold Server (powered by AlphaFold 3), Google DeepMind, accessed [February 2025 through August 2025]",Abrambson et al. 24,https://alphafoldserver.com/,,
PMC13091039,Cell Reports,2026,Software and Algorithms,"ICM Pro 3.9-4a (Molsoft LLC, San Diego, CA)",N/A,https://www.molsoft.com/icm_pro.html,,
PMC13091039,Cell Reports,2026,Software and Algorithms,"python, MDAnalysis 2.7.0",Michaud-Agrawal et al. 65 ; Gowers et al. 66,https://www.mdanalysis.org/,,
PMC13091039,Cell Reports,2026,Software and Algorithms,"python, DESRES msys 1.7.359",N/A,https://msys.readthedocs.io/en/latest/,,
PMC13091039,Cell Reports,2026,Software and Algorithms,"python, matplotlib 3.10.0",Hunter et al. 67,https://ggplot2.tidyverse.org/,,
PMC13091039,Cell Reports,2026,Software and Algorithms,Chimera X for the βarr2 FlAsH construct illustrations,N/A,https://www.rbvi.ucsf.edu/chimerax/docs/credits.html,,
PMC13091039,Cell Reports,2026,Software and Algorithms,Violin plots were built in R using ggplot2,Wickham 68,https://link.springer.com/book/10.1007/978-3-319-24277-4,,
PMC13091039,Cell Reports,2026,Software and Algorithms,ImageJ,Schneider et al. 69,https://imagej.net/ij/ ; RRID:SCR_003070,,
PMC13091039,Cell Reports,2026,Software and Algorithms,"GraphPad Prism 10.2, GraphPad Software, La Jolla, USA",N/A,https://www.graphpad.com/ ; RRID:SCR_002798,,
PMC13091039,Cell Reports,2026,Software and Algorithms,BioRender software,N/A,https://www.biorender.com ; RRID:SCR_018361,,
PMC13091039,Cell Reports,2026,Software and Algorithms,Adobe Illustrator 29.5.1,N/A,http://www.adobe.com/products/illustrator.html ; RRID:SCR_010279,,
PMC13091039,Cell Reports,2026,Software and Algorithms,Metamorph software,"Molecular Devices, Sunnyvale, CA",RRID: SCR_002368,,
PMC13091039,Cell Reports,2026,Software and Algorithms,MikroWin software 5.24,Labsis Laborsysteme GmbH,N/A,,
PMC13075641,Cell Reports,2026,Antibodies,Rabbit anti-GPX4,Cell Signaling Technology,Cat #52455S; RRID:AB_2924984,,
PMC13075641,Cell Reports,2026,Antibodies,Rabbit anti-pAXL (Y702),ThermoFisher,Cat #PA5-64862; RRID:AB_2662770,,
PMC13075641,Cell Reports,2026,Antibodies,Rabbit anti-AXL (C terminus),LS Bio,Cat # LS-B12012-100,,
PMC13075641,Cell Reports,2026,Antibodies,hFAB ™ Rhodamine Anti-Actin,Bio-Rad,Cat #120041163,,
PMC13075641,Cell Reports,2026,Antibodies,Goat anti-rabbit StarBright Blue 700,Bio-Rad,Cat #12004161; RRID:AB_2721073,,
PMC13075641,Cell Reports,2026,Antibodies,Rabbit anti-BCL-XL,Cell Signaling Technology,Cat #2764T; RRID:AB_2228008,,
PMC13075641,Cell Reports,2026,Antibodies,Rabbit anti-BIM,Cell Signaling Technology,Cat #2819S; RRID:AB_10692515,,
PMC13075641,Cell Reports,2026,Antibodies,Rabbit anti-BAK,Cell Signaling Technology,Cat #3814S; RRID:AB_2290287,,
PMC13075641,Cell Reports,2026,Antibodies,Rabbit anti-lipocalin-2 antibody,Abcam,Cat #ab63929; RRID:AB_1140965,,
PMC13075641,Cell Reports,2026,Antibodies,Chicken anti-GFP,Aves Labs,Cat #GFP-1020; RRID:AB_10000240,,
PMC13075641,Cell Reports,2026,Antibodies,Mouse anti-Beta III Tubulin,Promega,Cat #G7121; RRID:AB_430874,,
PMC13075641,Cell Reports,2026,Antibodies,Rabbit anti-Phosphorylated Histone H3,Cell Signaling Technology,Cat #4499; RRID:AB_10544537,,
PMC13075641,Cell Reports,2026,Antibodies,Rabbit anti-Cleaved Caspase 3,Cell Signaling Technology,Cat #9661; RRID:AB_2341188,,
PMC13075641,Cell Reports,2026,Bacterial and Virus Strains,psPAX2 (lentiviral packaging plasmid),Addgene (Didier Trono),Cat #12260; RRID:Addgene_12260,,
PMC13075641,Cell Reports,2026,Bacterial and Virus Strains,pMD2.G (lentiviral packaging plasmid),Addgene (Didier Trono),Cat #12259; RRID:Addgene_12259,,
PMC13075641,Cell Reports,2026,Bacterial and Virus Strains,MISSION pLKO.1-puro Non-Mammalian shRNA Control,Sigma,TRC #SHC002,,
PMC13075641,Cell Reports,2026,Bacterial and Virus Strains,Lcn2 shRNA KD1,Sigma,TRC #TRCN0000055328,,
PMC13075641,Cell Reports,2026,Bacterial and Virus Strains,Lcn2 shRNA KD2,Sigma,TRC #TRCN0000055331,,
PMC13075641,Cell Reports,2026,Bacterial and Virus Strains,Lcn2 shRNA KD3,Sigma,TRC #TRCN0000055332,,
PMC13075641,Cell Reports,2026,Biological Samples,Human glioblastoma patient tissue,"This paper, Cleveland Clinic",See STAR Methods,,
PMC13075641,Cell Reports,2026,Biological Samples,Human non-tumor patient tissue,"This paper, Cleveland Clinic",See STAR Methods,,
PMC13075641,Cell Reports,2026,Biological Samples,Primary mouse astrocytes,Silver et al. 80,See STAR Methods,,
PMC13075641,Cell Reports,2026,"Chemicals, Peptides, and Recombinant Proteins",RPMI 1640 medium,Cleveland Clinic Media Preparation Core,N/A,,
PMC13075641,Cell Reports,2026,"Chemicals, Peptides, and Recombinant Proteins",Fetal bovine serum,Cleveland Clinic Media Preparation Core,N/A,,
PMC13075641,Cell Reports,2026,"Chemicals, Peptides, and Recombinant Proteins",Penicillin-Streptomycin,Cleveland Clinic Media Preparation Core,N/A,,
PMC13075641,Cell Reports,2026,"Chemicals, Peptides, and Recombinant Proteins",Trypsin-EDTA,Cleveland Clinic Media Preparation Core,N/A,,
PMC13075641,Cell Reports,2026,"Chemicals, Peptides, and Recombinant Proteins",Trypan Blue,ThermoFisher,Cat #15250061,,
PMC13075641,Cell Reports,2026,"Chemicals, Peptides, and Recombinant Proteins",Image-It Lipid Peroxidation Kit,Invitrogen,Cat # C10445,,
PMC13075641,Cell Reports,2026,"Chemicals, Peptides, and Recombinant Proteins",CellRox Deep Red,ThermoFisher,Cat # C10422,,
PMC13075641,Cell Reports,2026,"Chemicals, Peptides, and Recombinant Proteins",Deferoxamine (DFO),Sigma,Cat #D9533-1G,,
PMC13075641,Cell Reports,2026,"Chemicals, Peptides, and Recombinant Proteins",RSL3 (GPX4 inhibitor),SelleckChem,Cat #S8155,,
PMC13075641,Cell Reports,2026,"Chemicals, Peptides, and Recombinant Proteins",Erastin,SelleckChem,Cat #S7242,,
PMC13075641,Cell Reports,2026,"Chemicals, Peptides, and Recombinant Proteins",Ferrostatin-1 (Fer-1),SelleckChem,Cat #S7243,,
PMC13075641,Cell Reports,2026,"Chemicals, Peptides, and Recombinant Proteins",Liproxstatin-1 (Lip-1),SelleckChem,Cat #S7699,,
PMC13075641,Cell Reports,2026,"Chemicals, Peptides, and Recombinant Proteins",Necrostatin-1,SelleckChem,Cat #ab141053,,
PMC13075641,Cell Reports,2026,"Chemicals, Peptides, and Recombinant Proteins",Z-VAD-FMK,InvivoGen,Cat #tlrl-vad,,
PMC13075641,Cell Reports,2026,"Chemicals, Peptides, and Recombinant Proteins",PAC-1,SelleckChem,Cat #S2738,,
PMC13075641,Cell Reports,2026,"Chemicals, Peptides, and Recombinant Proteins","Bemcentinib (R428, BGB324)",SelleckChem,Cat #S2841,,
PMC13075641,Cell Reports,2026,"Chemicals, Peptides, and Recombinant Proteins",1x NP-40 lysis buffer,ThermoFisher,Cat #J60766.AP,,
PMC13075641,Cell Reports,2026,"Chemicals, Peptides, and Recombinant Proteins",Protease inhibitor cocktail,Sigma-Aldrich,Cat #P8340,,
PMC13075641,Cell Reports,2026,"Chemicals, Peptides, and Recombinant Proteins",Phosphatase inhibitor cocktail,Sigma-Aldrich,Cat #P5725,,
PMC13075641,Cell Reports,2026,"Chemicals, Peptides, and Recombinant Proteins",PMSF,Sigma-Aldrich,Cat #10837091001,,
PMC13075641,Cell Reports,2026,"Chemicals, Peptides, and Recombinant Proteins",Sodium acetate,ThermoFisher,Cat #A13184-30,,
PMC13075641,Cell Reports,2026,"Chemicals, Peptides, and Recombinant Proteins",Thioglycolic acid,Fisher Scientific,Cat #M0052252G,,
PMC13075641,Cell Reports,2026,"Chemicals, Peptides, and Recombinant Proteins",Chromogenic solution (FerroZine),MedChemExpress,Cat #HY-137805,,
PMC13075641,Cell Reports,2026,"Chemicals, Peptides, and Recombinant Proteins",FITC-annexin V,BioLegend,Cat #640914,,
PMC13075641,Cell Reports,2026,"Chemicals, Peptides, and Recombinant Proteins",DRAQ7,ThermoFisher,Cat # D15105,,
PMC13075641,Cell Reports,2026,Critical Commercial Assays,CellTiter Glo Cell Viability Assay,Promega,Cat #G7573,,
PMC13075641,Cell Reports,2026,Critical Commercial Assays,RNeasy Mini Kit,Qiagen,Cat #74106,,
PMC13075641,Cell Reports,2026,Critical Commercial Assays,qScript cDNA SuperMix,Quanta Biosciences,Cat #95048-100,,
PMC13075641,Cell Reports,2026,Critical Commercial Assays,Fast SYBR Green Mastermix,ThermoFisher,Cat #4385618,,
PMC13075641,Cell Reports,2026,Critical Commercial Assays,Proteome Profiler Mouse Phospho-RTK Array Kit,R&D Systems,Cat#ARY014,,
PMC13075641,Cell Reports,2026,Experimental Models: Cell Lines,OL61 (mouse glioma),"Castro-Lowenstein Laboratory, Univ. Michigan",See STAR Methods,,
PMC13075641,Cell Reports,2026,Experimental Models: Cell Lines,KR158 (mouse glioma),"Deleyrolle Laboratory, Mayo Clinic",See STAR Methods,,
PMC13075641,Cell Reports,2026,Experimental Models: Cell Lines,CPA (mouse glioma),"Deleyrolle Laboratory, Mayo Clinic",See STAR Methods,,
PMC13075641,Cell Reports,2026,Experimental Models: Organisms/Strains,C57BL/6,JAX,RRID:IMSR_JAX:000664,,
PMC13075641,Cell Reports,2026,Experimental Models: Organisms/Strains,NOD.Cg-Prkdc scid Il2rg tm1Wjl /SzJ,"Biological Resources Unit, Lerner Research Institute; Cleveland Clinic",–,,
PMC13075641,Cell Reports,2026,Experimental Models: Organisms/Strains,B6.129P2- Lcn2 tm1Aade /AkiJ,KAX,RRID:IMSR_JAX:024630,,
PMC13075641,Cell Reports,2026,Oligonucleotides,LCN2 Forward: AGCCGTGGTAGATGGCTAGG,This paper,See Table S1,,
PMC13075641,Cell Reports,2026,Oligonucleotides,LCN2 Reverse: TTCCGCGGGTGACAGGGCTTC,This paper,See Table S1,,
PMC13075641,Cell Reports,2026,Oligonucleotides,GAPDH Forward: AGGCTGGTGACGAGGATTTG,This paper,See Table S1,,
PMC13075641,Cell Reports,2026,Oligonucleotides,GAPDH Reverse: TGTAGACCAGTATGTTGAGGTCA,This paper,See Table S1,,
PMC13075641,Cell Reports,2026,Oligonucleotides,LCN2 Forward: AGCCGTGGTAGATGGCTAGG,This paper,See Table S1,,
PMC13075641,Cell Reports,2026,Oligonucleotides,AXL Forward: ATGGCCGACATTGCCAGTG,This paper,See Table S1,,
PMC13075641,Cell Reports,2026,Oligonucleotides,AXL Reverse: CGGTAGTAATCCCCGTTGTAGA,This paper,See Table S1,,
PMC13075641,Cell Reports,2026,Oligonucleotides,OPCML Forward: CCACCCTCAGGTGTACCATAG,This paper,See Table S1,,
PMC13075641,Cell Reports,2026,Oligonucleotides,OPCML Reverse: GTAGGCGTGTTGACCAAAATGA,This paper,See Table S1,,
PMC13075641,Cell Reports,2026,Oligonucleotides,Gas6 Forward: TGCTGGCTTCCGAGTCTTC,This paper,See Table S1,,
PMC13075641,Cell Reports,2026,Oligonucleotides,Gas6 Reverse: CGGGGTCGTTCTCGAACAC,This paper,See Table S1,,
PMC13075641,Cell Reports,2026,Oligonucleotides,TENC1 Forward: TGAACCACTCAAAGCAACGCA,This paper,See Table S1,,
PMC13075641,Cell Reports,2026,Oligonucleotides,TENC1 Reverse: CGTTACATAGGTGAGGTCCAAGT,This paper,See Table S1,,
PMC13075641,Cell Reports,2026,Recombinant DNA,psPAX2,Addgene (Didier Trono),RRID:Addgene_12260; Cat# 12260,,
PMC13075641,Cell Reports,2026,Recombinant DNA,pMD2.G,Addgene (Didier Trono),RRID:Addgene_12259; Cat# 12259,,
PMC13075641,Cell Reports,2026,Recombinant DNA,MISSION pLKO.1-puro Non-Mammalian shRNA Control,Sigma,TRC #SHC002,,
PMC13075641,Cell Reports,2026,Recombinant DNA,Lcn2 shRNA KD1,Sigma,TRC #TRCN0000055328,,
PMC13075641,Cell Reports,2026,Recombinant DNA,Lcn2 shRNA KD2,Sigma,TRC #TRCN0000055331,,
PMC13075641,Cell Reports,2026,Recombinant DNA,Lcn2 shRNA KD3,Sigma,TRC #TRCN0000055332,,
PMC13075641,Cell Reports,2026,Software and Algorithms,PRISM,GraphPad,https://www.graphpad.com/,,
PMC13075641,Cell Reports,2026,Software and Algorithms,FlowJo v10,BD Biosciences,https://www.flowjo.com/,,
PMC13075641,Cell Reports,2026,Software and Algorithms,QuantStudio 3,Applied Biosystems,https://www.thermofisher.com/us/en/home/technical-resources/software-downloads/quantstudio-3-5-real-time-pcr-systems.html,,
PMC13075641,Cell Reports,2026,Software and Algorithms,ImageJ,Schneider et al.,https://imagej.net/ij/,,
PMC13075641,Cell Reports,2026,Software and Algorithms,Incucyte S3,Sartorius,https://www.sartorius.com/en/products/live-cell-imaging-analysis/live-cell-analysis-software,,
